repo_id,repo_name,description,stars,openrank_latest,openrank_trend,language,created_at,topics,categories
1103012935,openclaw/openclaw,Your own personal AI assistant. Any OS. Any Platform. The lobster way. 🦞 ,362621,1577.67,"[null, null, null, null, null, null, null, null, null, 418.86, 1374.2, 1577.67]",TypeScript,2025-11-24,"ai,assistant,crustacean,molty,openclaw,own-your-data,personal",Speech & Voice AI|Coding Agent|Agent Framework|Multi-Agent System|Workflow Orchestration|API & Backend Service
626805178,langgenius/dify,Production-ready platform for agentic workflow development.,138848,194.27,"[685.6, 571.03, 488.1, 445.56, 397.32, 389.69, 329.9, 283.66, 281.61, 267.0, 218.36, 194.27]",TypeScript,2023-04-12,"agent,agentic-ai,agentic-framework,agentic-workflow,ai,automation,gemini,genai,gpt,gpt-4,llm,low-code,mcp,nextjs,no-code,openai,orchestration,python,rag,workflow",Workflow Orchestration|Observability & Evaluation|Vector Database & RAG|MCP (Model Context Protocol)|Speech & Voice AI|Image & Video Generation|Tool & Integration Platform|Notebook & Development Environment|API & Backend Service
975734319,anomalyco/opencode,The open source coding agent.,147988,541.91,"[null, null, null, null, null, null, null, null, null, 674.63, 627.91, 541.91]",TypeScript,2025-04-30,,Coding Agent|Workflow Orchestration|Chat UI & Frontend
965415649,openai/codex,Lightweight coding agent that runs in your terminal,77143,478.23,"[160.28, 153.88, 116.89, 102.15, 248.64, 412.56, 383.65, 406.76, 383.28, 380.1, 456.87, 478.23]",Rust,2025-04-13,,Coding Agent|Notebook & Development Environment
968197216,google-gemini/gemini-cli,An open-source AI agent that brings the power of Gemini directly into your terminal.,102179,423.31,"[null, null, 244.55, 477.46, 492.94, 467.14, 423.59, 402.83, 363.47, 371.51, 383.72, 423.31]",TypeScript,2025-04-17,"ai,ai-agents,cli,gemini,gemini-api,mcp-client,mcp-server",MCP (Model Context Protocol)|Workflow Orchestration|Observability & Evaluation|Tool & Integration Platform|Notebook & Development Environment
193215554,n8n-io/n8n,"Fair-code workflow automation platform with native AI capabilities. Combine visual building with custom code, self-host or cloud, 400+ integrations.",185223,251.93,"[309.47, 325.44, 338.49, 340.73, 341.56, 351.37, 324.33, 320.38, 317.38, 310.82, 278.28, 251.93]",TypeScript,2019-06-22,"ai,apis,automation,cli,data-flow,development,integration-framework,integrations,ipaas,low-code,low-code-platform,mcp,mcp-client,mcp-server,n8n,no-code,self-hosted,typescript,workflow,workflow-automation",Workflow Orchestration|MCP (Model Context Protocol)|Agent Framework
671269505,BerriAI/litellm,"Python SDK, Proxy Server (AI Gateway) to call 100+ LLM APIs in OpenAI (or native) format, with cost tracking, guardrails, loadbalancing and logging. [Bedrock, Azure, OpenAI, VertexAI, Cohere, Anthropic, Sagemaker, HuggingFace, VLLM, NVIDIA NIM]",44368,226.08,"[328.48, 335.04, 314.1, 300.36, 308.96, 293.04, 272.62, 250.33, 247.81, 251.91, 248.99, 226.08]",Python,2023-07-27,"ai-gateway,anthropic,azure-openai,bedrock,gateway,langchain,litellm,llm,llm-gateway,llmops,mcp-gateway,openai,openai-proxy,vertex-ai",LLM Gateway & Proxy|MCP (Model Context Protocol)|LLM SDK & Library|A2A Protocol|Speech & Voice AI|Agent Framework|Coding Agent|LLM Inference|Tool & Integration Platform|Notebook & Development Environment
1061953414,anthropics/skills,Public repository for Agent Skills,122570,12.78,"[null, null, null, null, null, null, 6.09, 7.44, 8.23, 13.83, 15.08, 12.78]",Python,2025-09-22,agent-skills,MCP (Model Context Protocol)
890668799,modelcontextprotocol/servers,Model Context Protocol Servers,84345,15.29,"[137.46, 124.39, 93.5, 73.63, 56.82, 37.07, 30.47, 28.77, 18.02, 15.15, 13.41, 15.29]",TypeScript,2024-11-19,,MCP (Model Context Protocol)|LLM SDK & Library|Tool & Integration Platform|Memory & Knowledge|Browser Agent|Observability & Evaluation|Model Training & Fine-tuning|API & Backend Service|LLM Gateway & Proxy|Image & Video Generation|GraphRAG & Knowledge Graph|Search & Information Retrieval|Notebook & Development Environment|Data Processing & ETL
881458615,browser-use/browser-use,🌐 Make websites accessible for AI agents. Automate tasks online with ease.,89625,29.6,"[144.31, 135.73, 114.99, 115.16, 100.78, 98.39, 74.96, 67.54, 57.95, 46.63, 40.32, 29.6]",Python,2024-10-31,"ai-agents,ai-tools,browser-automation,browser-use,llm,playwright,python",Browser Agent|Observability & Evaluation|Coding Agent|LLM Gateway & Proxy|LLM Inference|MCP (Model Context Protocol)|Memory & Knowledge|LLM SDK & Library
824874689,cline/cline,"Autonomous coding agent right in your IDE, capable of creating/editing files, executing commands, using the browser, and more with your permission every step of the way.",60641,80.9,"[205.52, 228.22, 214.29, 224.72, 213.09, 196.57, 180.49, 172.63, 170.09, 151.76, 129.51, 80.9]",TypeScript,2024-07-06,,Coding Agent|MCP (Model Context Protocol)|Workflow Orchestration|LLM Inference|Autonomous Agent|Notebook & Development Environment|AI Infrastructure & Platform
846698999,block/goose,"an open source, extensible AI agent that goes beyond code suggestions - install, execute, edit, and test with any LLM",43055,89.23,"[121.09, 129.45, 142.23, 152.13, 164.14, 146.1, 144.84, 133.21, 121.39, 122.66, 123.05, 89.23]",Rust,2024-08-23,"acp,ai,ai-agents,mcp",Coding Agent|MCP (Model Context Protocol)|LLM Inference|Workflow Orchestration
937253475,anthropics/claude-code,"Claude Code is an agentic coding tool that lives in your terminal, understands your codebase, and helps you code faster by executing routine tasks, explaining complex code, and handling git workflows - all through natural language commands.",117108,865.19,"[135.67, 184.53, 323.47, 574.75, 612.11, 545.88, 544.92, 487.89, 637.71, 893.66, 883.35, 865.19]",Shell,2025-02-22,,Model Training & Fine-tuning|Notebook & Development Environment
701547123,open-webui/open-webui,"User-friendly AI Interface (Supports Ollama, OpenAI API, ...)",133533,108.58,"[296.9, 304.63, 246.8, 202.44, 214.78, 190.2, 166.03, 149.2, 121.86, 111.63, 111.46, 108.58]",Python,2023-10-06,"ai,llm,llm-ui,llm-webui,llms,mcp,ollama,ollama-webui,open-webui,openai,openapi,rag,self-hosted,ui,webui",Chat UI & Frontend|LLM Inference|Vector Database & RAG|Observability & Evaluation|Speech & Voice AI|Image & Video Generation|Deep Learning Core|Tool & Integration Platform|Coding Agent|Search & Information Retrieval|API & Backend Service|MCP (Model Context Protocol)|Browser Agent|LLM SDK & Library|AI Infrastructure & Platform
589831718,Comfy-Org/ComfyUI,"The most powerful and modular diffusion model GUI, api and backend with a graph/nodes interface.",109733,80.81,"[null, null, null, null, null, null, null, null, null, 138.48, 111.44, 80.81]",Python,2023-01-17,"ai,comfy,comfyui,python,pytorch,stable-diffusion",Image & Video Generation|Speech & Voice AI|Workflow Orchestration|Chat UI & Frontend|Model Training & Fine-tuning|Memory & Knowledge|Deep Learning Core|API & Backend Service
643445235,lobehub/lobehub,"The ultimate space for work and life — to find, build, and collaborate with agent teammates that grow with you. We are taking agent harness to the next level — enabling multi-agent collaboration, effortless agent team design, and introducing agents as the unit of work interaction.",75513,93.7,"[null, null, null, null, null, null, null, null, null, 113.22, 98.69, 93.7]",TypeScript,2023-05-21,"agent,agent-collaboration,agent-harness,ai,chatgpt,claude,deepseek,gemini,gpt,knowledge-base,mcp,openai",MCP (Model Context Protocol)|Speech & Voice AI|Memory & Knowledge|Multi-Agent System|Agent Framework|LLM SDK & Library|Image & Video Generation|Tool & Integration Platform
730534580,infiniflow/ragflow,RAGFlow is a leading open-source Retrieval-Augmented Generation (RAG) engine that fuses cutting-edge RAG with Agent capabilities to create a superior context layer for LLMs,78808,90.31,"[295.92, 250.46, 214.09, 186.37, 183.31, 170.72, 141.56, 139.78, 141.73, 131.27, 103.92, 90.31]",Python,2023-12-12,"agent,agentic,agentic-ai,agentic-workflow,ai,context-engineering,context-retrieval,deep-research,deepseek,deepseek-r1,document-understanding,graphrag,harness,llm,mcp,ollama,openai,openclaw,rag,retrieval-augmented-generation",Vector Database & RAG|Workflow Orchestration|MCP (Model Context Protocol)|LLM Inference|GraphRAG & Knowledge Graph|Memory & Knowledge|LLM SDK & Library|Data Processing & ETL
771302083,OpenHands/OpenHands,🙌 OpenHands: AI-Driven Development,71851,51.7,"[null, null, null, null, null, null, 77.48, 60.82, 55.89, 53.38, 47.12, 51.7]",Python,2024-03-13,"agent,artificial-intelligence,chatgpt,claude-ai,cli,developer-tools,gpt,llm,openai",LLM SDK & Library|Observability & Evaluation|Coding Agent|Agent Framework|AI Infrastructure & Platform|API & Backend Service
599320067,langflow-ai/langflow,Langflow is a powerful tool for building and deploying AI-powered agents and workflows.,147285,84.88,"[191.43, 185.18, 174.26, 166.52, 148.4, 142.45, 128.0, 117.99, 115.31, 105.1, 91.79, 84.88]",Python,2023-02-08,"agents,chatgpt,generative-ai,large-language-models,multiagent,react-flow",Workflow Orchestration|MCP (Model Context Protocol)|Agent Framework|Observability & Evaluation|Multi-Agent System|Tool & Integration Platform|LLM SDK & Library
644461337,vercel/ai,"The AI Toolkit for TypeScript. From the creators of Next.js, the AI SDK is a free open-source library for building AI-powered applications and agents ",23724,91.14,"[163.53, 152.49, 139.42, 175.02, 210.56, 186.77, 161.38, 154.37, 154.62, 128.55, 90.92, 91.14]",TypeScript,2023-05-23,"anthropic,artificial-intelligence,gemini,generative-ai,generative-ui,javascript,language-model,llm,nextjs,openai,react,svelte,typescript,vercel,vue",LLM SDK & Library|LLM Gateway & Proxy|Coding Agent|Speech & Voice AI
575865240,AstrBotDevs/AstrBot,"AI Agent Assistant that integrates lots of IM platforms, LLMs, plugins and AI feature, and can be your openclaw alternative. ✨",30503,91.91,"[90.95, 91.69, 81.97, 80.29, 70.03, 65.8, 69.08, 72.08, 67.79, 70.55, 84.29, 91.91]",Python,2022-12-08,"agent,ai,chatbot,chatgpt,discord,docker,gemini,gpt,llama,llm,mcp,openai,python,qq,qqbot,telegram",AI Infrastructure & Platform|MCP (Model Context Protocol)|Workflow Orchestration|Memory & Knowledge|Search & Information Retrieval
818331198,pydantic/pydantic-ai,"AI Agent Framework, the Pydantic way",16565,80.12,"[135.98, 135.51, 122.62, 112.99, 127.27, 108.13, 97.22, 105.61, 110.47, 92.16, 82.5, 80.12]",Python,2024-06-21,"agent-framework,genai,llm,pydantic,python",Agent Framework|Observability & Evaluation|MCP (Model Context Protocol)|LLM SDK & Library|Coding Agent|A2A Protocol|Search & Information Retrieval|API & Backend Service|LLM Inference|LLM Gateway & Proxy|Multi-Agent System|Autonomous Agent|Notebook & Development Environment
656099147,mem0ai/mem0,Universal memory layer for AI Agents,53865,22.15,"[44.17, 68.42, 63.16, 64.09, 56.3, 48.64, 47.04, 33.11, 22.37, 17.07, 19.84, 22.15]",Python,2023-06-20,"agents,ai,ai-agents,application,chatbots,chatgpt,genai,llm,long-term-memory,memory,memory-management,python,rag,state-management",Memory & Knowledge|Agent Framework|Vector Database & RAG|Multi-Agent System|Observability & Evaluation|LLM SDK & Library|GraphRAG & Knowledge Graph
440752086,coder/coder,Secure environments for developers and their agents,12979,94.25,"[109.13, 104.95, 110.42, 106.11, 100.3, 110.61, 107.26, 89.66, 81.79, 78.85, 81.12, 94.25]",Go,2021-12-22,"agents,dev-tools,development-environment,go,golang,ide,jetbrains,remote-development,terraform,vscode",AI Infrastructure & Platform|Notebook & Development Environment
946087422,Kilo-Org/kilocode,"Kilo is the all-in-one agentic engineering platform. Build, ship, and iterate faster with the most popular open source coding agent.",18462,72.72,"[16.86, 25.62, 40.76, 64.49, 83.79, 93.73, 95.95, 110.52, 110.76, 115.33, 81.0, 72.72]",TypeScript,2025-03-10,"ai,ai-age,ai-coding,ai-developer-tools,chatgpt,claude,cli,gemini,jetbrains,sonnet,vscode,vscode-extension",Coding Agent|MCP (Model Context Protocol)|Hardware & Edge AI|Workflow Orchestration|Tool & Integration Platform|AI Infrastructure & Platform
573661753,activepieces/activepieces,AI Agents & MCPs & AI Workflow Automation • (~400 MCP servers for AI agents) • AI Automation / AI Agent with MCPs • AI Workflows & AI Agents • MCPs for AI Agents,21824,74.6,"[62.56, 72.02, 73.05, 77.69, 78.51, 93.49, 95.39, 86.17, 59.86, 54.55, 72.36, 74.6]",TypeScript,2022-12-03,"ai-agent,ai-agent-tools,ai-agents,ai-agents-framework,mcp,mcp-server,mcp-tools,mcps,n8n-alternative,no-code-automation,workflow,workflow-automation,workflows",Workflow Orchestration|MCP (Model Context Protocol)|Coding Agent|Tool & Integration Platform|Chat UI & Frontend|LLM SDK & Library
955620917,upstash/context7,Context7 Platform -- Up-to-date code documentation for LLMs and AI code editors,53498,36.4,"[35.97, 42.56, 39.08, 41.15, 37.95, 38.51, 38.7, 42.51, 41.52, 38.39, 40.7, 36.4]",TypeScript,2025-03-26,"llm,mcp,mcp-server,vibe-coding",MCP (Model Context Protocol)|LLM SDK & Library|Coding Agent|API & Backend Service|Tool & Integration Platform
707441527,livekit/agents,A framework for building realtime voice AI agents 🤖🎙️📹 ,10170,64.71,"[114.76, 121.68, 112.85, 107.04, 104.29, 94.96, 90.96, 97.73, 84.59, 77.3, 71.16, 64.71]",Python,2023-10-19,"agents,ai,openai,real-time,video,voice",Speech & Voice AI|MCP (Model Context Protocol)|Coding Agent|LLM SDK & Library|Agent Framework|LLM Gateway & Proxy|Multi-Agent System|Workflow Orchestration|Tool & Integration Platform
958830659,google/adk-python,"An open-source, code-first Python toolkit for building, evaluating, and deploying sophisticated AI agents with flexibility and control.",19206,57.11,"[81.89, 139.77, 137.31, 130.52, 114.2, 92.2, 88.08, 99.76, 92.71, 81.67, 69.18, 57.11]",Python,2025-04-01,"agent,agentic,agentic-ai,agents,agents-sdk,ai,ai-agents,aiagentframework,genai,genai-chatbot,llm,llms,multi-agent,multi-agent-systems,multi-agents,multi-agents-collaboration",Agent Framework|A2A Protocol|Multi-Agent System|MCP (Model Context Protocol)|Workflow Orchestration|LLM SDK & Library|API & Backend Service
678526156,marimo-team/marimo,"A reactive notebook for Python — run reproducible experiments, query with SQL, execute as a script, deploy as an app, and version with git. Stored as pure Python. All in a modern, AI-native editor.",20572,57.47,"[95.42, 96.37, 98.1, 95.03, 91.22, 89.09, 83.31, 74.58, 69.95, 70.93, 67.52, 57.47]",Python,2023-08-14,"artificial-intelligence,dag,data-science,data-visualization,dataflow,developer-tools,machine-learning,notebooks,pipeline,python,reactive,sql,web-app",Notebook & Development Environment|Coding Agent|Memory & Knowledge
644686905,continuedev/continue,"⏩ Source-controlled AI checks, enforceable in CI. Powered by the open-source Continue CLI",32737,59.56,"[230.86, 227.19, 181.91, 165.15, 152.07, 138.57, 115.14, 100.32, 85.66, 80.94, 67.74, 59.56]",TypeScript,2023-05-24,"agent,ai,cli,developer-tools,jetbrains-plugin,llm,open-source,vs-code-extenstion",Coding Agent
552661142,langchain-ai/langchain,The agent engineering platform,134586,58.48,"[168.61, 125.16, 109.28, 115.0, 108.95, 96.17, 97.66, 88.13, 89.62, 81.73, 66.32, 58.48]",Python,2022-10-17,"agents,ai,ai-agents,anthropic,chatgpt,deepagents,enterprise,framework,gemini,generative-ai,langchain,langgraph,llm,multiagent,open-source,openai,pydantic,python,rag",Agent Framework|Observability & Evaluation|Workflow Orchestration|Vector Database & RAG|LLM SDK & Library
805155266,CherryHQ/cherry-studio,"AI productivity studio with smart chat, autonomous agents, and 300+ assistants. Unified access to frontier LLMs",44131,107.39,"[481.01, 443.4, 382.97, 374.67, 351.24, 311.62, 244.21, 188.22, 181.99, 155.43, 121.07, 107.39]",TypeScript,2024-05-24,"agency-agents,ai-agent,claude-code,codex,open-cli,openclaw,opencode,skills,superpowers,vibe-coding",Chat UI & Frontend|MCP (Model Context Protocol)|Coding Agent|Speech & Voice AI|Memory & Knowledge|LLM Inference|Data Processing & ETL
1108837393,code-yeongyu/oh-my-opencode,omo; the best agent harness - previously oh-my-opencode,53586,,"[null, null, null, null, null, null, null, null, 25.94, 102.28, 104.4]",TypeScript,2025-12-03,"ai,ai-agents,amp,anthropic,chatgpt,claude,claude-code,claude-skills,cursor,gemini,ide,openai,opencode,orchestration,tui,typescript",Coding Agent|Workflow Orchestration|Agent Framework|Notebook & Development Environment
488641606,agno-agi/agno,"Build, run, manage agentic software at scale.",39619,71.52,"[123.29, 124.67, 123.8, 122.51, 125.69, 128.79, 115.37, 99.51, 108.44, 102.04, 82.6, 71.52]",Python,2022-05-04,"agents,ai,ai-agents,developer-tools,python",Agent Framework|MCP (Model Context Protocol)|Observability & Evaluation|Coding Agent|Multi-Agent System|Memory & Knowledge|API & Backend Service|Notebook & Development Environment
748713144,huggingface/lerobot,🤗 LeRobot: Making AI for Robotics more accessible with end-to-end learning,23479,46.7,"[77.26, 78.93, 97.96, 105.26, 95.41, 90.64, 89.72, 89.03, 80.13, 69.12, 55.92, 46.7]",Python,2024-01-26,,Robotics & Embodied AI|Observability & Evaluation|Model Training & Fine-tuning|LLM SDK & Library|Deep Learning Core
600596928,danny-avila/LibreChat,"Enhanced ChatGPT Clone: Features Agents, MCP, DeepSeek, Anthropic, AWS, OpenAI, Responses API, Azure, Groq, o1, GPT-5, Mistral, OpenRouter, Vertex AI, Gemini, Artifacts, AI model switching, message search, Code Interpreter, langchain, DALL-E-3, OpenAPI Actions, Functions, Secure Multi-User Auth, Presets, open-source for self-hosting. Active.",35886,49.39,"[116.21, 119.53, 110.53, 108.93, 110.6, 106.75, 99.32, 88.54, 76.86, 65.62, 55.85, 49.39]",TypeScript,2023-02-12,"ai,anthropic,artifacts,aws,azure,chatgpt,chatgpt-clone,claude,clone,deepseek,gemini,google,gpt-5,librechat,mcp,o1,openai,responses-api,vision,webui",MCP (Model Context Protocol)|Speech & Voice AI|Image & Video Generation|LLM Gateway & Proxy|Coding Agent|Agent Framework|LLM Inference|Workflow Orchestration|Vector Database & RAG|Memory & Knowledge|Search & Information Retrieval|Tool & Integration Platform|Chat UI & Frontend|AI Infrastructure & Platform|Deep Learning Core
1048065319,thedotmack/claude-mem,"A Claude Code plugin that automatically captures everything Claude does during your coding sessions, compresses it with AI (using Claude's agent-sdk), and injects relevant context back into future sessions.",66030,35.27,"[null, null, null, null, null, 0.81, 3.98, 7.4, 40.77, 43.31, 46.68, 35.27]",TypeScript,2025-08-31,"ai,ai-agents,ai-memory,anthropic,artificial-intelligence,chromadb,claude,claude-agent-sdk,claude-agents,claude-code,claude-code-plugin,claude-skills,embeddings,long-term-memory,mem0,memory-engine,openmemory,rag,sqlite,supermemory",Memory & Knowledge|LLM SDK & Library|Vector Database & RAG|Coding Agent|Notebook & Development Environment|MCP (Model Context Protocol)
736272311,pipecat-ai/pipecat,Open Source framework for voice and multimodal conversational AI,11508,51.63,"[80.22, 86.57, 73.93, 74.51, 65.03, 63.67, 57.15, 59.0, 54.23, 54.72, 55.3, 51.63]",Python,2023-12-27,"ai,chatbot-framework,chatbots,real-time,voice,voice-assistant",Speech & Voice AI|Agent Framework|Multi-Agent System|Hardware & Edge AI|Model Training & Fine-tuning
914053359,OpenMind/OM1,Modular AI runtime for robots,2763,33.18,"[null, null, null, 15.06, 11.41, 12.26, 18.96, 19.02, 18.58, 75.82, 55.08, 33.18]",Python,2025-01-08,"llm,multiagent,robotics,ros2,zenoh",Robotics & Embodied AI|Speech & Voice AI|Memory & Knowledge|LLM SDK & Library|LLM Inference|Observability & Evaluation|Deep Learning Core
987670088,charmbracelet/crush,Glamourous agentic coding for all 💘,23362,35.67,"[null, null, null, 23.04, 95.38, 79.46, 64.24, 48.77, 53.58, 57.65, 51.87, 35.67]",Go,2025-05-21,"agentic-ai,ai,llms,ravishing",LLM Gateway & Proxy|LLM SDK & Library|Coding Agent
717197250,QuantumNous/new-api,"A unified AI model hub for aggregation & distribution. It supports cross-converting various LLMs into OpenAI-compatible, Claude-compatible, or Gemini-compatible formats. A centralized gateway for personal and enterprise model management. 🍥",28433,54.41,"[54.05, 53.41, 56.77, 58.21, 66.47, 63.97, 53.98, 52.83, 53.3, 53.79, 50.89, 54.41]",Go,2023-11-10,"ai-gateway,claude,deepseek,gemini,newapi,openai,rerank",LLM Gateway & Proxy|Tool & Integration Platform|Chat UI & Frontend
1031912724,farion1231/cc-switch,"A cross-platform desktop All-in-One assistant tool for Claude Code, Codex, OpenCode, openclaw & Gemini CLI.",49511,68.95,"[null, null, null, null, 2.52, 15.49, 20.01, 24.9, 35.19, 47.64, 54.57, 68.95]",Rust,2025-08-04,"ai-tools,claude-code,codex,desktop-app,mcp,minimax,omo,open-source,openclaw,openclaw-ui,opencode,provider-management,rust,skills,skills-management,tauri,typescript,wsl-support",Coding Agent|MCP (Model Context Protocol)|Speech & Voice AI|Observability & Evaluation|AI Infrastructure & Platform
1156956890,zeroclaw-labs/zeroclaw,"Fast, small, and fully autonomous AI personal assistant infrastructure, ANY OS, ANY PLATFORM — deploy anywhere, swap anything 🦀",30502,102.36,"[null, null, null, null, null, null, null, null, null, null, 70.48, 102.36]",Rust,2026-02-13,"agent,agentic,ai,infra,ml,openclaw,os,zeroclaw",Memory & Knowledge|Coding Agent|Hardware & Edge AI|Autonomous Agent|Workflow Orchestration
1002125012,BloopAI/vibe-kanban,"Get 10X more out of Claude Code, Codex or any coding agent",25458,51.27,"[null, null, null, 15.8, 20.57, 25.92, 28.99, 28.22, 31.51, 63.78, 60.2, 51.27]",Rust,2025-06-14,"agent,ai-agents,kanban,management,task-manager",Coding Agent|MCP (Model Context Protocol)|Chat UI & Frontend|API & Backend Service|LLM Gateway & Proxy|Workflow Orchestration
710601088,crewAIInc/crewAI,"Framework for orchestrating role-playing, autonomous AI agents. By fostering collaborative intelligence, CrewAI empowers agents to work together seamlessly, tackling complex tasks.",49631,40.81,"[93.14, 88.46, 67.38, 66.58, 62.97, 59.05, 55.88, 50.98, 50.83, 42.22, 44.51, 40.81]",Python,2023-10-27,"agents,ai,ai-agents,aiagentframework,llms",Agent Framework|Multi-Agent System|Coding Agent|MCP (Model Context Protocol)|Observability & Evaluation|Autonomous Agent|Workflow Orchestration|Memory & Knowledge
558188628,alibaba/higress,🤖 AI Gateway | AI Native API Gateway,8235,47.51,"[62.18, 69.74, 77.25, 74.02, 79.24, 70.17, 72.38, 63.39, 56.01, 58.93, 47.97, 47.51]",Go,2022-10-27,"ai-gateway,ai-native,api-gateway,cloud-native,envoy",MCP (Model Context Protocol)|LLM Gateway & Proxy|Tool & Integration Platform|Observability & Evaluation|AI Infrastructure & Platform|Memory & Knowledge|LLM SDK & Library
954873280,a2aproject/A2A,Agent2Agent (A2A) is an open protocol enabling communication and interoperability between opaque agentic applications.,23379,14.67,"[null, null, 38.14, 32.18, 23.58, 24.72, 18.86, 16.8, 18.51, 17.88, 15.2, 14.67]",Shell,2025-03-25,"a2a,a2a-mcp,a2a-protocol,a2a-server,agents,generative-ai,linux-foundation",A2A Protocol|LLM SDK & Library|Agent Framework|MCP (Model Context Protocol)|Multi-Agent System|Memory & Knowledge|Speech & Voice AI|Observability & Evaluation
839037098,mastra-ai/mastra,"From the team behind Gatsby, Mastra is a framework for building AI-powered applications and agents with a modern TypeScript stack.",23243,132.89,"[110.2, 126.42, 139.58, 153.83, 158.17, 162.95, 168.33, 164.27, 140.92, 142.08, 139.87, 132.89]",TypeScript,2024-08-06,"agents,ai,chatbots,evals,javascript,llm,mcp,nextjs,nodejs,reactjs,tts,typescript,workflows",MCP (Model Context Protocol)|Memory & Knowledge|Workflow Orchestration|Observability & Evaluation|LLM Gateway & Proxy|Speech & Voice AI|Vector Database & RAG|Tool & Integration Platform|Chat UI & Frontend|LLM SDK & Library|API & Backend Service
753490180,daytonaio/daytona,Daytona is a Secure and Elastic Infrastructure for Running AI-Generated Code,72375,38.55,"[20.4, 34.07, 38.99, 37.98, 38.37, 34.52, 38.7, 41.27, 38.89, 44.24, 41.71, 38.55]",TypeScript,2024-02-06,"agentic-workflow,ai,ai-agents,ai-runtime,ai-sandboxes,code-execution,code-interpreter,developer-tools",Tool & Integration Platform|LLM SDK & Library|LLM Gateway & Proxy|MCP (Model Context Protocol)|Workflow Orchestration
1074561042,steveyegge/beads,Beads - A memory upgrade for your coding agent,21071,,"[null, null, null, null, null, null, 17.78, 27.04, 45.99, 57.97, 58.71]",Go,2025-10-12,"agents,claude-code,coding",Workflow Orchestration|Memory & Knowledge|Coding Agent|Agent Framework|MCP (Model Context Protocol)|Multi-Agent System|Observability & Evaluation|API & Backend Service
1012087571,router-for-me/CLIProxyAPI,"Wrap Gemini CLI, Antigravity, ChatGPT Codex, Claude Code as an OpenAI/Gemini/Claude/Codex compatible API service, allowing you to enjoy the free Gemini 2.5 Pro, GPT 5, Claude model through API",28081,66.21,"[null, null, null, null, null, 10.51, 16.06, 28.18, 51.19, 70.54, 62.16, 66.21]",Go,2025-07-01,"antigravity,claude-code,cluade,codex,gemini,openai",Coding Agent|LLM Gateway & Proxy|LLM SDK & Library|AI Infrastructure & Platform|API & Backend Service|Notebook & Development Environment|Vector Database & RAG|Tool & Integration Platform
1027384981,langchain-ai/deepagents,"Agent harness built with LangChain and LangGraph. Equipped with a planning tool, a filesystem backend, and the ability to spawn subagents - well-equipped to handle complex agentic tasks.",21607,66.47,"[null, null, null, null, 11.92, 13.6, 19.57, 36.46, 33.21, 61.73, 71.06, 66.47]",Python,2025-07-27,"ai,deepagents,langchain,langgraph",Agent Framework|Memory & Knowledge|MCP (Model Context Protocol)|Coding Agent|LLM SDK & Library|Search & Information Retrieval|Tool & Integration Platform|API & Backend Service
1132431999,aden-hive/hive,Multi-Agent Harness for Production AI,10125,166.27,"[null, null, null, null, null, null, null, null, null, null, 239.1, 166.27]",Python,2026-01-12,"agent,agent-framework,agent-skills,anthropic,automation,autonomous-agents,claude,harness,harness-engineering,human-in-the-loop,openai,python,self-hosted,self-improving",Multi-Agent System|Agent Framework|MCP (Model Context Protocol)|Observability & Evaluation|Memory & Knowledge|Browser Agent|LLM Gateway & Proxy|Workflow Orchestration
1076863218,MoonshotAI/kimi-cli,Kimi Code CLI is your next CLI agent.,8129,34.95,"[null, null, null, null, null, null, 15.68, 25.16, 22.38, 28.95, 40.89, 34.95]",Python,2025-10-15,,MCP (Model Context Protocol)|Notebook & Development Environment|Tool & Integration Platform|Coding Agent|Chat UI & Frontend
676672661,langchain-ai/langgraph,Build resilient language agents as graphs.,30106,27.79,"[100.3, 115.86, 112.9, 123.66, 89.91, 63.67, 44.95, 45.26, 30.49, 23.99, 20.9, 27.79]",Python,2023-08-09,"agents,ai,ai-agents,chatgpt,deepagents,enterprise,framework,gemini,generative-ai,langchain,langgraph,llm,multiagent,open-source,openai,pydantic,python,rag",Agent Framework|Memory & Knowledge|Workflow Orchestration|Vector Database & RAG|Observability & Evaluation|LLM SDK & Library
659402878,spring-projects/spring-ai,An Application Framework for AI Engineering,8559,38.01,"[120.5, 138.07, 115.48, 102.26, 96.82, 87.16, 72.93, 69.58, 61.8, 53.43, 41.7, 38.01]",Java,2023-06-27,"artificial-intelligence,hacktoberfest,java,spring-ai",Vector Database & RAG|Speech & Voice AI|Observability & Evaluation|Agent Framework|Memory & Knowledge|Data Processing & ETL|Deep Learning Core|LLM Inference|GraphRAG & Knowledge Graph|Model Training & Fine-tuning|Tool & Integration Platform|LLM SDK & Library|API & Backend Service
560704231,run-llama/llama_index,LlamaIndex is the leading document agent and OCR platform,48834,29.34,"[132.56, 126.48, 122.62, 101.27, 78.72, 66.66, 56.11, 41.23, 34.39, 37.64, 34.87, 29.34]",Python,2022-11-02,"agents,application,data,fine-tuning,framework,llamaindex,llm,multi-agents,rag,vector-database",LLM SDK & Library|Vector Database & RAG|Agent Framework|Model Training & Fine-tuning|Data Processing & ETL
607289185,microsoft/semantic-kernel,Integrate cutting-edge LLM technology quickly and easily into your apps,27762,9.92,"[135.33, 137.88, 117.14, 89.88, 80.42, 65.54, 31.27, 16.49, 7.93, 9.69, 11.39, 9.92]",C#,2023-02-27,"ai,artificial-intelligence,llm,openai,sdk",Agent Framework|Multi-Agent System|MCP (Model Context Protocol)|Workflow Orchestration|LLM Inference|LLM SDK & Library|Deep Learning Core|Speech & Voice AI|Vector Database & RAG|Memory & Knowledge|Observability & Evaluation|API & Backend Service
680120071,microsoft/autogen,A programming framework for agentic AI,57353,6.48,"[106.59, 93.58, 74.02, 59.74, 47.05, 35.3, 14.81, 8.05, 4.81, 4.72, 4.32, 6.48]",Python,2023-08-18,"agentic,agentic-agi,agents,ai,autogen,autogen-ecosystem,chatgpt,framework,llm-agent,llm-framework",Agent Framework|Multi-Agent System|MCP (Model Context Protocol)|Workflow Orchestration|Browser Agent|Tool & Integration Platform|Coding Agent|A2A Protocol
214587193,supabase/supabase,"The Postgres development platform. Supabase gives you a dedicated Postgres database to build your web, mobile, and AI applications.",101275,150.32,"[230.22, 230.71, 214.5, 218.83, 202.84, 207.96, 194.24, 201.14, 185.64, 175.5, 167.79, 150.32]",TypeScript,2019-10-12,"ai,alternative,auth,database,deno,embeddings,example,firebase,nextjs,oauth2,pgvector,postgis,postgres,postgresql,postgrest,realtime,supabase,vectors,websockets",API & Backend Service|Model Training & Fine-tuning|LLM Gateway & Proxy|Vector Database & RAG|LLM SDK & Library
691347156,1Panel-dev/MaxKB,🔥 MaxKB is an open-source platform for building enterprise-grade agents.  强大易用的开源企业级智能体平台。,20798,25.19,"[96.11, 84.85, 74.72, 71.04, 64.62, 57.81, 46.67, 41.94, 36.89, 35.93, 28.11, 25.19]",Python,2023-09-14,"agent,agentic-ai,chatbot,deepseek-r1,knowledgebase,langchain,llama3,llm,maxkb,mcp-server,ollama,pgvector,qwen3,rag",AI Infrastructure & Platform|Vector Database & RAG|Workflow Orchestration|Agent Framework|MCP (Model Context Protocol)|LLM Inference|Speech & Voice AI|Chat UI & Frontend|LLM SDK & Library|API & Backend Service
605673387,labring/FastGPT,"FastGPT is a knowledge-based platform built on the LLMs, offers a comprehensive suite of out-of-the-box capabilities such as data processing, RAG retrieval, and visual AI workflow orchestration, letting you easily develop and deploy complex question-answering systems without the need for extensive setup or configuration.",27818,29.18,"[112.06, 91.35, 72.9, 58.62, 56.09, 48.91, 37.72, 38.78, 37.13, 35.97, 28.03, 29.18]",TypeScript,2023-02-23,"agent,claude,deepseek,llm,mcp,nextjs,openai,qwen,rag,workflow",Vector Database & RAG|Workflow Orchestration|MCP (Model Context Protocol)|LLM Gateway & Proxy|Data Processing & ETL
621803253,FlowiseAI/Flowise,"Build AI Agents, Visually",52184,27.08,"[60.0, 60.08, 66.06, 61.48, 58.96, 44.61, 40.21, 34.75, 32.05, 27.42, 28.62, 27.08]",TypeScript,2023-03-31,"agentic-ai,agentic-workflow,agents,artificial-intelligence,chatbot,chatgpt,javascript,langchain,large-language-models,low-code,multiagent-systems,no-code,openai,rag,react,typescript,workflow-automation",Workflow Orchestration|Agent Framework|Vector Database & RAG|Memory & Knowledge|Chat UI & Frontend|API & Backend Service
842586148,yetone/avante.nvim,Use your Neovim like using Cursor AI IDE!,17800,6.43,"[97.86, 96.86, 92.68, 72.03, 54.76, 43.18, 27.25, 18.7, 14.87, 14.76, 9.5, 6.43]",Lua,2024-08-14,,Coding Agent|Workflow Orchestration|Notebook & Development Environment|Browser Agent|Memory & Knowledge|Chat UI & Frontend|LLM SDK & Library|API & Backend Service
23496542,triton-lang/triton,Development repository for the Triton language and compiler,19027,88.53,"[128.31, 128.65, 133.28, 130.07, 128.89, 131.01, 128.32, 115.14, 107.08, 102.32, 98.32, 88.53]",MLIR,2014-08-30,,Deep Learning Core|Memory & Knowledge|API & Backend Service|Coding Agent|Model Training & Fine-tuning|Chat UI & Frontend
634043200,modular/modular,The Modular Platform (includes MAX & Mojo),25902,68.45,"[82.94, 100.39, 100.47, 108.24, 97.09, 89.26, 84.06, 79.7, 78.32, 78.2, 78.26, 68.45]",Mojo,2023-04-28,"ai,language,machine-learning,max,modular,mojo,programming-language",LLM Inference|Model Training & Fine-tuning|LLM SDK & Library|Deep Learning Core|AI Infrastructure & Platform|Coding Agent|Speech & Voice AI|Image & Video Generation|API & Backend Service
90506918,rapidsai/cudf,cuDF - GPU DataFrame Library ,9607,59.93,"[77.3, 81.71, 76.62, 75.04, 76.98, 69.17, 63.26, 63.18, 57.41, 62.99, 58.34, 59.93]",C++,2017-05-07,"arrow,cpp,cuda,cudf,dask,data-analysis,data-science,dataframe,gpu,pandas,pydata,python,rapids",LLM SDK & Library|Data Processing & ETL|Deep Learning Core|AI Infrastructure & Platform|Notebook & Development Environment|API & Backend Service
539057023,NVIDIA/TransformerEngine,"A library for accelerating Transformer models on NVIDIA GPUs, including using 8-bit and 4-bit floating point (FP8 and FP4) precision on Hopper, Ada and Blackwell GPUs, to provide better performance with lower memory utilization in both training and inference.",3290,41.62,"[62.2, 59.02, 56.22, 60.81, 62.73, 56.97, 49.58, 53.95, 52.02, 46.18, 43.57, 41.62]",Python,2022-09-20,"cuda,deep-learning,fp4,fp8,gpu,jax,machine-learning,python,pytorch",Model Training & Fine-tuning|Deep Learning Core|Memory & Knowledge|LLM SDK & Library
669331976,flashinfer-ai/flashinfer,FlashInfer: Kernel Library for LLM Serving,5479,64.21,"[30.56, 28.41, 34.98, 45.57, 57.9, 59.92, 58.71, 57.46, 50.91, 53.11, 60.09, 64.21]",Python,2023-07-22,"attention,cuda,distributed-inference,gpu,jit,large-large-models,llm-inference,moe,nvidia,pytorch",Deep Learning Core|LLM Inference|Model Training & Fine-tuning|Memory & Knowledge|LLM SDK & Library|API & Backend Service|Notebook & Development Environment|AI Infrastructure & Platform
112542515,NVIDIA/cutlass,CUDA Templates and Python DSLs for High-Performance Linear Algebra,9622,19.99,"[41.4, 43.27, 39.24, 38.74, 37.69, 35.54, 23.86, 28.58, 26.45, 25.58, 23.0, 19.99]",C++,2017-11-30,"cpp,cuda,deep-learning,deep-learning-library,gpu,nvidia,python",Deep Learning Core|LLM SDK & Library|Coding Agent|Memory & Knowledge|AI Infrastructure & Platform
724854743,ml-explore/mlx,MLX: An array framework for Apple silicon,25675,22.92,"[43.14, 36.73, 32.91, 33.95, 36.76, 31.63, 32.28, 33.87, 33.52, 30.63, 31.03, 22.92]",C++,2023-11-28,mlx,Deep Learning Core|Model Training & Fine-tuning|Memory & Knowledge|Speech & Voice AI|Image & Video Generation|API & Backend Service
933928679,deepseek-ai/DeepEP,DeepEP: an efficient expert-parallel communication library,9161,3.02,"[26.89, 22.84, 28.89, 31.33, 25.72, 23.47, 18.19, 13.97, 10.51, 7.87, 4.79, 3.02]",Cuda,2025-02-17,,Deep Learning Core|LLM SDK & Library|Model Training & Fine-tuning
494232964,Dao-AILab/flash-attention,Fast and memory-efficient exact attention,23487,22.35,"[44.43, 36.8, 30.16, 27.25, 27.0, 27.45, 24.49, 21.58, 27.29, 30.26, 28.58, 22.35]",Python,2022-05-19,,Deep Learning Core|Model Training & Fine-tuning|API & Backend Service|Memory & Knowledge|Observability & Evaluation
204086862,streamlit/streamlit,Streamlit — A faster way to build and share data apps.,44320,52.62,"[127.06, 123.2, 110.89, 103.38, 97.51, 92.32, 78.36, 76.73, 75.48, 65.03, 66.51, 52.62]",Python,2019-08-24,"data-analysis,data-science,data-visualization,deep-learning,developer-tools,machine-learning,python,streamlit",Other
162405963,gradio-app/gradio,"Build and share delightful machine learning apps, all in Python. 🌟 Star to support our work!",42407,34.38,"[110.16, 101.54, 87.38, 82.72, 72.95, 65.25, 53.67, 60.99, 54.39, 46.65, 36.87, 34.38]",Python,2018-12-19,"data-analysis,data-science,data-visualization,deep-learning,deploy,gradio,gradio-interface,interface,machine-learning,models,python,python-notebook,ui,ui-components",Notebook & Development Environment|Image & Video Generation|Chat UI & Frontend|Coding Agent|LLM SDK & Library|API & Backend Service
291438522,siyuan-note/siyuan,"A privacy-first, self-hosted, fully open source personal knowledge management software, written in typescript and golang.",42921,43.15,"[102.67, 89.6, 89.39, 76.01, 70.67, 70.61, 63.84, 58.55, 62.15, 61.75, 50.03, 43.15]",TypeScript,2020-08-30,"anki,chatgpt,deepseek,electron,evernote,knowledge-base,local-first,markdown,note-taking,notes-app,notion,obsidian,ocr,ollama,openclaw,pdf,s3,self-hosted,webdav",Chat UI & Frontend|Workflow Orchestration|Memory & Knowledge|LLM Inference
826168160,docling-project/docling,Get your documents ready for gen AI,58418,24.67,"[71.66, 80.05, 70.86, 61.33, 53.25, 53.31, 49.53, 47.74, 39.68, 31.46, 20.62, 24.67]",Python,2024-07-09,"ai,convert,document-parser,document-parsing,documents,docx,html,markdown,pdf,pdf-converter,pdf-to-json,pdf-to-text,pptx,tables,xlsx",Vector Database & RAG|MCP (Model Context Protocol)|Speech & Voice AI|LLM SDK & Library|Agent Framework|Data Processing & ETL|Deep Learning Core
649170660,Mintplex-Labs/anything-llm,The all-in-one AI productivity accelerator. On device and privacy first with no annoying setup or configuration.,58812,26.21,"[84.42, 73.35, 61.78, 60.76, 54.06, 46.87, 43.87, 37.03, 31.92, 29.97, 25.49, 26.21]",JavaScript,2023-06-04,"ai-agents,custom-ai-agents,deepseek,kimi,llama3,llm,lmstudio,local-llm,localai,mcp,mcp-servers,moonshot,multimodal,no-code,ollama,qwen3,rag,vector-database,web-scraping",Vector Database & RAG|Speech & Voice AI|LLM Inference|MCP (Model Context Protocol)|Chat UI & Frontend|LLM Gateway & Proxy|Workflow Orchestration|Agent Framework
158256479,apache/iceberg,Apache Iceberg,8770,93.19,"[149.11, 152.83, 144.83, 144.63, 132.04, 136.53, 112.85, 114.39, 105.23, 101.3, 97.44, 93.19]",Java,2018-11-19,"apache,hacktoberfest,iceberg",Data Lake & Storage|AI Infrastructure & Platform|LLM SDK & Library|Memory & Knowledge
391740664,open-metadata/OpenMetadata,"OpenMetadata is a unified metadata platform for data discovery, data observability, and data governance powered by a central metadata repository, in-depth column level lineage, and seamless team collaboration.",12432,104.29,"[129.64, 127.46, 121.96, 126.14, 128.32, 126.35, 118.51, 112.39, 107.55, 114.81, 106.47, 104.29]",TypeScript,2021-08-01,"data-catalog,data-collaboration,data-contracts,data-discovery,data-governance,data-lineage,data-observability,data-profiling,data-quality,data-quality-checks,data-validation,datadiscovery,dataengineering,dataquality,hacktoberfest,mcp,mcp-server,metadata,metadata-management",Data Lake & Storage|Observability & Evaluation|MCP (Model Context Protocol)|Workflow Orchestration|Coding Agent
46398090,datahub-project/datahub,The Metadata Platform for your Data and AI Stack,11833,101.81,"[115.0, 119.05, 110.76, 114.55, 117.65, 116.99, 108.13, 105.16, 113.99, 113.09, 105.26, 101.81]",Java,2015-11-18,"data-catalog,data-discovery,data-governance,datahub,hacktoberfest,metadata",Data Lake & Storage|MCP (Model Context Protocol)|Coding Agent|Memory & Knowledge|Observability & Evaluation|Workflow Orchestration|API & Backend Service
631431061,apache/gravitino,"World's most powerful open data catalog for building a high-performance, geo-distributed and federated metadata lake.",2914,51.95,"[84.96, 73.95, 73.1, 82.74, 92.15, 82.15, 69.47, 68.16, 59.76, 53.46, 50.69, 51.95]",Java,2023-04-23,"ai-catalog,data-catalog,datalake,federated-query,lakehouse,metadata,metalake,model-catalog,opendatacatalog,skycomputing,stratosphere",Data Lake & Storage|AI Infrastructure & Platform|Data Processing & ETL
182849188,delta-io/delta,"An open-source storage framework that enables building a Lakehouse architecture with compute engines including Spark, PrestoDB, Flink, Trino, and Hive and APIs",8755,37.13,"[83.24, 79.18, 77.65, 74.65, 67.31, 63.29, 51.03, 48.29, 54.33, 54.15, 45.82, 37.13]",Scala,2019-04-22,"acid,analytics,big-data,delta-lake,spark",Data Lake & Storage|AI Infrastructure & Platform|LLM SDK & Library|Data Processing & ETL|Notebook & Development Environment
447060287,apache/paimon,Apache Paimon is a lake format that enables building a Realtime Lakehouse Architecture with Flink and Spark for both streaming and batch operations.,3249,40.67,"[92.3, 82.35, 70.88, 73.95, 69.99, 63.88, 57.54, 56.09, 60.12, 55.75, 46.63, 40.67]",Java,2022-01-12,"big-data,data-ingestion,flink,paimon,real-time-analytics,spark,streaming-datalake,table-store",Data Lake & Storage|AI Infrastructure & Platform|Notebook & Development Environment
76474200,apache/hudi,"Upserts, Deletes And Incremental Processing on Big Data.",6146,60.4,"[98.17, 89.58, 79.85, 70.85, 73.97, 76.98, 70.82, 66.96, 70.6, 70.67, 65.94, 60.4]",Java,2016-12-14,"apacheflink,apachehudi,apachespark,bigdata,data-integration,datalake,hudi,incremental-processing,stream-processing",Data Lake & Storage|AI Infrastructure & Platform|Data Processing & ETL
33884891,apache/airflow,"Apache Airflow - A platform to programmatically author, schedule, and monitor workflows",45144,256.57,"[349.73, 338.57, 356.51, 362.05, 347.82, 338.6, 319.8, 285.22, 273.22, 284.46, 287.54, 256.57]",Python,2015-04-13,"airflow,apache,apache-airflow,automation,dag,data-engineering,data-integration,data-orchestrator,data-pipelines,data-science,elt,etl,machine-learning,mlops,orchestration,python,scheduler,workflow,workflow-engine,workflow-orchestration",Data Processing & ETL|Workflow Orchestration|AI Infrastructure & Platform
283046497,airbytehq/airbyte,"The leading data integration platform for ETL / ELT data pipelines from APIs, databases & files to data warehouses, data lakes & data lakehouses. Both self-hosted and Cloud-hosted.",21127,84.94,"[223.75, 223.85, 203.82, 193.59, 176.61, 166.5, 148.98, 132.87, 107.45, 107.61, 85.62, 84.94]",Python,2020-07-27,"bigquery,change-data-capture,data,data-analysis,data-collection,data-engineering,data-integration,data-pipeline,elt,etl,java,mssql,mysql,pipeline,postgresql,python,redshift,s3,self-hosted,snowflake",Data Processing & ETL|Workflow Orchestration|Tool & Integration Platform|Speech & Voice AI
131619646,dagster-io/dagster,"An orchestration platform for the development, production, and observation of data assets.",15362,35.94,"[196.25, 194.31, 182.41, 169.19, 146.38, 137.8, 116.82, 99.55, 89.99, 80.87, 45.8, 35.94]",Python,2018-04-30,"analytics,dagster,data-engineering,data-integration,data-orchestrator,data-pipelines,data-science,etl,metadata,mlops,orchestration,python,scheduler,workflow,workflow-automation",Data Processing & ETL|Workflow Orchestration|Observability & Evaluation|Chat UI & Frontend|LLM SDK & Library
192640529,HumanSignal/label-studio,Label Studio is a multi-type data labeling and annotation tool with standardized output format,27103,46.25,"[88.92, 90.87, 93.09, 89.24, 79.52, 76.53, 76.33, 68.47, 61.64, 59.31, 55.55, 46.25]",TypeScript,2019-06-19,"annotation,annotation-tool,annotations,boundingbox,computer-vision,data-labeling,dataset,datasets,deep-learning,image-annotation,image-classification,image-labeling,image-labelling-tool,label-studio,labeling,labeling-tool,mlops,semantic-segmentation,text-annotation,yolo",Speech & Voice AI|Chat UI & Frontend|API & Backend Service|LLM Gateway & Proxy|Workflow Orchestration|LLM SDK & Library|Data Processing & ETL
139156354,cvat-ai/cvat,"Annotate better with CVAT, the industry-leading data engine for machine learning. Used and trusted by teams at any scale, for data of any scale.",15695,28.37,"[66.21, 62.54, 59.26, 59.34, 54.76, 48.32, 46.79, 43.03, 43.81, 34.94, 32.48, 28.37]",Python,2018-06-29,"annotation,annotation-tool,annotations,boundingbox,computer-vision,computer-vision-annotation,dataset,deep-learning,image-annotation,image-classification,image-labeling,image-labelling-tool,imagenet,labeling,labeling-tool,object-detection,pytorch,semantic-segmentation,tensorflow,video-annotation",LLM SDK & Library|Model Training & Fine-tuning|Deep Learning Core|Observability & Evaluation|AI Infrastructure & Platform
60377070,vespa-engine/vespa,"AI + Data, online. https://vespa.ai",6891,40.07,"[60.37, 62.85, 51.94, 48.92, 47.91, 43.76, 40.87, 39.25, 39.68, 38.08, 42.98, 40.07]",Java,2016-06-03,"ai,big-data,java,machine-learning,rag,search,search-engine,server,serving-recommendation,tensor,vector,vector-database,vector-search,vespa",API & Backend Service|Notebook & Development Environment|Vector Database & RAG|LLM SDK & Library
71932349,ray-project/ray,Ray is an AI compute engine. Ray consists of a core distributed runtime and a set of AI Libraries for accelerating ML workloads.,42271,197.53,"[265.28, 264.79, 290.9, 303.3, 290.83, 291.11, 300.04, 271.18, 254.71, 228.63, 210.0, 197.53]",Python,2016-10-25,"data-science,deep-learning,deployment,distributed,hyperparameter-optimization,hyperparameter-search,large-language-models,llm,llm-inference,llm-serving,machine-learning,optimization,parallel,python,pytorch,ray,reinforcement-learning,rllib,serving,tensorflow",AI Infrastructure & Platform|Model Training & Fine-tuning|Observability & Evaluation|Deep Learning Core|Workflow Orchestration
17165658,apache/spark,Apache Spark - A unified analytics engine for large-scale data processing,43170,128.18,"[191.63, 176.12, 174.18, 178.09, 189.82, 175.84, 162.2, 170.87, 160.77, 134.06, 136.33, 128.18]",Scala,2014-02-25,"big-data,java,jdbc,python,r,scala,spark,sql",AI Infrastructure & Platform|Data Processing & ETL
175592968,volcano-sh/volcano,A Cloud Native Batch System (Project under CNCF),5485,28.62,"[45.46, 49.34, 41.88, 46.48, 45.73, 43.68, 30.76, 22.67, 32.95, 32.84, 26.25, 28.62]",Go,2019-03-14,"ai,batch-systems,bigdata,gene,golang,hpc,kubernetes,machine-learning,serving,training",AI Infrastructure & Platform|Model Training & Fine-tuning|Deep Learning Core|Data Processing & ETL
200722670,NVIDIA/NeMo,"A scalable generative AI framework built for researchers and developers working on Large Language Models, Multimodal, and Speech AI (Automatic Speech Recognition and Text-to-Speech)",17114,,"[236.75, 243.34, 201.24, 164.16]",Python,2019-08-05,"asr,deeplearning,generative-ai,machine-translation,neural-networks,speaker-diariazation,speaker-recognition,speech-synthesis,speech-translation,tts",Model Training & Fine-tuning|Speech & Voice AI|Deep Learning Core
235860204,deepspeedai/DeepSpeed,"DeepSpeed is a deep learning optimization library that makes distributed training and inference easy, efficient, and effective.",42180,17.82,"[60.16, 52.92, 55.33, 49.43, 45.63, 44.51, 34.66, 28.2, 22.96, 21.92, 17.1, 17.82]",Python,2020-01-23,"billion-parameters,compression,data-parallelism,deep-learning,gpu,inference,machine-learning,mixture-of-experts,model-parallelism,pipeline-parallelism,pytorch,trillion-parameters,zero",Model Training & Fine-tuning|Deep Learning Core|LLM SDK & Library|AI Infrastructure & Platform
176982014,NVIDIA/Megatron-LM,Ongoing research training transformer models at scale,16141,91.33,"[30.84, 26.13, 22.29, 30.76, 25.15, 25.21, 39.65, 62.49, 80.74, 95.57, 96.56, 91.33]",Python,2019-03-21,"large-language-models,model-para,transformers",Model Training & Fine-tuning|Memory & Knowledge|LLM SDK & Library|LLM Inference|Observability & Evaluation
850267588,78/xiaozhi-esp32,An MCP-based chatbot | 一个基于MCP的聊天机器人,25914,16.35,"[69.98, 68.96, 60.22, 59.81, 48.98, 43.76, 35.69, 35.17, 34.72, 28.47, 23.79, 16.35]",C++,2024-08-31,"chatbot,esp32,mcp",Hardware & Edge AI|MCP (Model Context Protocol)|Speech & Voice AI|Robotics & Embodied AI|Notebook & Development Environment|Coding Agent|Search & Information Retrieval|LLM SDK & Library|API & Backend Service
712225112,Genesis-Embodied-AI/Genesis,A generative world for general-purpose robotics & embodied AI learning.,28561,20.38,"[61.75, 54.83, 53.19, 53.07, 50.44, 38.37, 34.64, 29.68, 21.76, 30.03, 28.38, 20.38]",Python,2023-10-31,,Robotics & Embodied AI|Model Training & Fine-tuning|Deep Learning Core|Observability & Evaluation|API & Backend Service|AI Infrastructure & Platform|Agent Framework
673412924,modelscope/ms-swift,"Use PEFT or Full-parameter to CPT/SFT/DPO/GRPO 600+ LLMs (Qwen3.6, DeepSeek-R1, GLM-5.1, InternLM3, Llama4, ...) and 300+ MLLMs (Qwen3-VL, Qwen3-Omni, InternVL3.5, Ovis2.5, GLM4.5v, Gemma4, Llava, Phi4, ...) (AAAI 2025).",13868,62.61,"[156.65, 162.02, 144.24, 137.48, 143.85, 143.84, 120.71, 117.06, 107.22, 103.26, 73.0, 62.61]",Python,2023-08-01,"deepseek-r1,embedding,grpo,internvl,liger,llama,llama4,llm,lora,megatron,moe,multimodal,open-r1,peft,qwen3,qwen3-6,qwen3-omni,qwen3-vl,reranker,sft",Model Training & Fine-tuning|Observability & Evaluation|LLM Inference|Vector Database & RAG|Memory & Knowledge|AI Infrastructure & Platform|Speech & Voice AI|Workflow Orchestration|Tool & Integration Platform|Deep Learning Core|API & Backend Service
725205304,unslothai/unsloth,"Web UI for training and running open models like Gemma 4, Qwen3.5, DeepSeek, gpt-oss locally.",62544,53.07,"[169.46, 143.34, 121.68, 113.24, 89.76, 76.05, 70.25, 63.87, 64.77, 55.36, 41.8, 53.07]",Python,2023-11-29,"agent,deepseek,fine-tuning,gemma,gemma3,gpt-oss,llama,llama3,llm,llms,mistral,openai,qwen,reinforcement-learning,self-hosted,text-to-speech,tts,ui,unsloth",Model Training & Fine-tuning|Speech & Voice AI|Vector Database & RAG|Chat UI & Frontend|Deep Learning Core|AI Infrastructure & Platform|Tool & Integration Platform|API & Backend Service|LLM Inference|Workflow Orchestration|Memory & Knowledge|Observability & Evaluation|Search & Information Retrieval|Notebook & Development Environment|LLM SDK & Library
646410686,hiyouga/LLaMA-Factory,Unified Efficient Fine-Tuning of 100+ LLMs & VLMs (ACL 2024),70505,,"[184.77, 161.67, 121.16, 107.38, 104.83, 81.72, 56.97, 45.46]",Python,2023-05-28,"agent,ai,deepseek,fine-tuning,gemma,gpt,instruction-tuning,large-language-models,llama,llama3,llm,lora,moe,nlp,peft,qlora,quantization,qwen,rlhf,transformers",Model Training & Fine-tuning|LLM Inference|Observability & Evaluation|Speech & Voice AI|Workflow Orchestration|Chat UI & Frontend|LLM SDK & Library
658928958,ollama/ollama,"Get up and running with Kimi-K2.5, GLM-5, MiniMax, DeepSeek, gpt-oss, Qwen, Gemma and other models.",169752,116.26,"[376.27, 340.02, 271.03, 245.61, 274.42, 212.82, 192.85, 179.55, 156.86, 135.1, 130.23, 116.26]",Go,2023-06-26,"deepseek,gemma,gemma3,glm,go,golang,gpt-oss,llama,llama3,llm,llms,minimax,mistral,ollama,qwen",LLM Inference|Coding Agent|Agent Framework|Chat UI & Frontend|LLM SDK & Library|Vector Database & RAG|LLM Gateway & Proxy|Workflow Orchestration|Search & Information Retrieval|API & Backend Service|Notebook & Development Environment|Model Training & Fine-tuning|Memory & Knowledge
942206898,ai-dynamo/dynamo,A Datacenter Scale Distributed Inference Serving Framework,6628,199.03,"[100.0, 122.13, 140.46, 152.45, 168.34, 172.98, 177.37, 178.7, 176.57, 180.45, 182.67, 199.03]",Rust,2025-03-03,,LLM Inference|AI Infrastructure & Platform|Agent Framework|Chat UI & Frontend|API & Backend Service|Image & Video Generation|Workflow Orchestration|Model Training & Fine-tuning|Vector Database & RAG|Memory & Knowledge|Observability & Evaluation|Tool & Integration Platform
653496050,xorbitsai/inference,"Swap GPT for any LLM by changing a single line of code. Xinference lets you run open-source, speech, and multimodal models on cloud, on-prem, or your laptop — all through one unified, production-ready inference API.",9255,16.29,"[85.59, 89.59, 84.73, 66.93, 62.77, 47.76, 35.92, 35.01, 30.42, 29.39, 27.0, 16.29]",Python,2023-06-14,"artificial-intelligence,chatglm,deployment,flan-t5,gemma,ggml,glm4,inference,llama,llama3,llamacpp,llm,machine-learning,mistral,openai-api,pytorch,qwen,vllm,whisper,wizardlm",LLM Inference|Speech & Voice AI|Workflow Orchestration|Vector Database & RAG|Notebook & Development Environment|Agent Framework|Image & Video Generation|Tool & Integration Platform|Deep Learning Core|LLM SDK & Library|AI Infrastructure & Platform|MCP (Model Context Protocol)|Hardware & Edge AI|Model Training & Fine-tuning|Memory & Knowledge|Chat UI & Frontend|Data Processing & ETL
833306239,containers/ramalama,"RamaLama is an open-source developer tool that simplifies the local serving of AI models from any source and facilitates their use for inference in production, all through the familiar language of containers.",2776,19.76,"[61.37, 56.03, 54.24, 56.01, 46.12, 38.15, 35.0, 30.46, 28.07, 26.25, 21.78, 19.76]",Python,2024-07-24,"ai,containers,cuda,hacktoberfest,hip,inference-server,intel,llamacpp,llm,podman,vllm",LLM Inference|Deep Learning Core|API & Backend Service
799049436,gpustack/gpustack,A GPU cluster manager that configures and orchestrates inference engines like vLLM and SGLang for high-performance AI model deployment.,4886,48.0,"[66.53, 60.99, 52.39, 54.57, 48.17, 39.26, 38.23, 44.79, 57.66, 54.33, 47.09, 48.0]",Python,2024-05-11,"ascend,cuda,deepseek,distributed-inference,genai,high-performance-inference,inference,llama,llm,llm-inference,llm-serving,maas,mindie,openai,qwen,rocm,sglang,vllm",LLM Inference|Observability & Evaluation|AI Infrastructure & Platform|LLM Gateway & Proxy|Speech & Voice AI|Deep Learning Core
599547518,vllm-project/vllm,A high-throughput and memory-efficient inference and serving engine for LLMs,77809,553.74,"[870.63, 823.5, 747.59, 735.59, 789.6, 793.58, 737.29, 720.77, 671.35, 632.49, 598.56, 553.74]",Python,2023-02-09,"amd,blackwell,cuda,deepseek,deepseek-v3,gpt,gpt-oss,inference,kimi,llama,llm,llm-serving,model-serving,moe,openai,pytorch,qwen,qwen3,tpu,transformer",LLM Inference|Deep Learning Core|Model Training & Fine-tuning|Memory & Knowledge|Vector Database & RAG|Tool & Integration Platform|Chat UI & Frontend|LLM SDK & Library|API & Backend Service
740303686,sgl-project/sglang,SGLang is a high-performance serving framework for large language models and multimodal models.,26295,436.91,"[383.72, 401.52, 383.94, 386.9, 428.45, 458.25, 441.53, 474.54, 510.71, 525.55, 470.49, 436.91]",Python,2024-01-08,"attention,blackwell,cuda,deepseek,diffusion,glm,gpt-oss,inference,llama,llm,minimax,moe,qwen,qwen-image,reinforcement-learning,transformer,vlm,wan",LLM Inference|Model Training & Fine-tuning|Deep Learning Core|Image & Video Generation|Observability & Evaluation|API & Backend Service|Chat UI & Frontend|Coding Agent|Vector Database & RAG|AI Infrastructure & Platform
679366051,NVIDIA/TensorRT-LLM,TensorRT LLM provides users with an easy-to-use Python API to define Large Language Models (LLMs) and supports state-of-the-art optimizations to perform inference efficiently on NVIDIA GPUs. TensorRT LLM also contains components to create Python and C++ runtimes that orchestrate the inference execution in a performant way.,13458,327.57,"[182.7, 229.38, 270.35, 318.2, 360.14, 365.54, 353.71, 362.44, 370.36, 366.33, 336.8, 327.57]",Python,2023-08-16,"blackwell,cuda,llm-serving,moe,pytorch",LLM Inference|Deep Learning Core|Model Training & Fine-tuning
612354784,ggml-org/llama.cpp,LLM inference in C/C++,105885,232.45,"[276.06, 297.0, 271.46, 269.99, 301.92, 271.39, 252.22, 271.53, 271.71, 252.68, 240.47, 232.45]",C++,2023-03-10,ggml,LLM Inference|API & Backend Service|Model Training & Fine-tuning|Memory & Knowledge|LLM SDK & Library|Deep Learning Core
153097643,openvinotoolkit/openvino,OpenVINO™ is an open source toolkit for optimizing and deploying AI inference,10133,142.71,"[310.01, 270.51, 238.11, 248.48, 220.81, 209.39, 191.03, 176.33, 162.1, 178.94, 156.16, 142.71]",C++,2018-10-15,"ai,computer-vision,deep-learning,deploy-ai,diffusion-models,generative-ai,good-first-issue,inference,llm-inference,natural-language-processing,nlp,openvino,optimize-ai,performance-boost,recommendation-system,speech-recognition,stable-diffusion,transformers,yolo",Deep Learning Core|Model Training & Fine-tuning|LLM Inference|Speech & Voice AI|Workflow Orchestration|Agent Framework|LLM SDK & Library|API & Backend Service|Memory & Knowledge|Image & Video Generation|Notebook & Development Environment
136202695,mlflow/mlflow,"The open source AI engineering platform for agents, LLMs, and ML models. MLflow enables teams of all sizes to debug, evaluate, monitor, and optimize production-quality AI applications while controlling costs and managing access to models and data.",25506,95.08,"[123.09, 118.97, 111.27, 113.76, 110.28, 106.34, 108.89, 107.69, 110.64, 115.02, 108.19, 95.08]",Python,2018-06-05,"agentops,agents,ai,ai-governance,apache-spark,evaluation,langchain,llm-evaluation,llmops,machine-learning,ml,mlflow,mlops,model-management,observability,open-source,openai,prompt-engineering",Observability & Evaluation|Agent Framework|LLM Gateway & Proxy|LLM SDK & Library|Model Training & Fine-tuning|AI Infrastructure & Platform|MCP (Model Context Protocol)|Deep Learning Core
515647260,1Panel-dev/1Panel,"🔥 1Panel is a modern, open-source VPS control panel — and the only one with native AI agent support. Run Ollama models, deploy OpenClaw agents, and manage your entire server stack from one clean web interface.",35129,39.2,"[76.11, 85.87, 103.49, 102.28, 102.97, 87.53, 76.61, 62.52, 70.76, 56.32, 43.86, 39.2]",Go,2022-07-19,"agent,clawdbot,copaw,docker,docker-ui,hermes,hermes-agent,linux,lnmp,ollama,openclaw,openresty,qwenpaw,webmin",AI Infrastructure & Platform|LLM Inference|Observability & Evaluation
642497346,langfuse/langfuse,"🪢 Open source LLM engineering platform: LLM Observability, metrics, evals, prompt management, playground, datasets. Integrates with OpenTelemetry, Langchain, OpenAI SDK, LiteLLM, and more. 🍊YC W23 ",25827,59.47,"[93.8, 86.33, 83.56, 91.11, 88.69, 95.38, 90.03, 86.23, 81.23, 70.12, 65.42, 59.47]",TypeScript,2023-05-18,"analytics,autogen,evaluation,langchain,large-language-models,llama-index,llm,llm-evaluation,llm-observability,llmops,monitoring,observability,open-source,openai,playground,prompt-engineering,prompt-management,self-hosted,ycombinator",Observability & Evaluation|Agent Framework|LLM SDK & Library|AI Infrastructure & Platform|LLM Gateway & Proxy|Multi-Agent System|Workflow Orchestration|Vector Database & RAG
86031674,wandb/wandb,"The AI developer platform. Use Weights & Biases to train and fine-tune models, and manage models from experimentation to production.",11022,48.68,"[91.26, 87.23, 91.14, 84.96, 77.0, 76.27, 65.74, 65.24, 61.3, 57.18, 53.21, 48.68]",Python,2017-03-24,"ai,collaboration,data-science,data-versioning,deep-learning,experiment-track,hyperparameter-optimization,hyperparameter-search,hyperparameter-tuning,jax,keras,machine-learning,ml-platform,mlops,model-versioning,pytorch,reinforcement-learning,reproducibility,tensorflow",Observability & Evaluation|LLM SDK & Library|Model Training & Fine-tuning|Deep Learning Core|Notebook & Development Environment|Workflow Orchestration
638951438,comet-ml/opik,"Debug, evaluate, and monitor your LLM applications, RAG systems, and agentic workflows with comprehensive tracing, automated evaluations, and production-ready dashboards.",18988,75.32,"[74.49, 80.92, 82.97, 74.16, 76.56, 79.19, 82.82, 83.2, 84.24, 88.99, 78.69, 75.32]",Python,2023-05-10,"evaluation,hacktoberfest,hacktoberfest2025,langchain,llama-index,llm,llm-evaluation,llm-observability,llmops,open-source,openai,playground,prompt-engineering",Observability & Evaluation|LLM SDK & Library|Vector Database & RAG|API & Backend Service|Agent Framework|Multi-Agent System|Workflow Orchestration|AI Infrastructure & Platform
564072810,Arize-ai/phoenix,AI Observability & Evaluation,9394,51.43,"[57.76, 65.8, 71.21, 71.6, 74.09, 79.61, 71.2, 67.4, 62.8, 57.71, 53.45, 51.43]",Python,2022-11-09,"agents,ai-monitoring,ai-observability,aiengineering,anthropic,datasets,evals,langchain,llamaindex,llm-eval,llm-evaluation,llmops,llms,openai,prompt-engineering,smolagents",Observability & Evaluation|LLM SDK & Library|Agent Framework|MCP (Model Context Protocol)|Coding Agent|LLM Gateway & Proxy|Multi-Agent System|Notebook & Development Environment|Model Training & Fine-tuning|AI Infrastructure & Platform
205706595,mlrun/mlrun,"MLRun is an open source MLOps platform for quickly building and managing continuous ML applications across their lifecycle. MLRun integrates into your development and CI/CD environment and automates the delivery of production data, ML pipelines, and online applications.",1664,30.22,"[57.24, 57.27, 60.35, 58.35, 55.13, 49.95, 52.8, 50.52, 45.9, 43.67, 45.11, 30.22]",Python,2019-09-01,"data-engineering,data-science,experiment-tracking,kubernetes,machine-learning,mlops,mlops-workflow,model-serving,python,workflow",Observability & Evaluation|Data Processing & ETL|Workflow Orchestration|Model Training & Fine-tuning|Vector Database & RAG|Notebook & Development Environment|AI Infrastructure & Platform
633927609,promptfoo/promptfoo,"Test your prompts, agents, and RAGs. Red teaming/pentesting/vulnerability scanning for AI. Compare performance of GPT, Claude, Gemini, Llama, and more. Simple declarative configs with command line and CI/CD integration.  Used by OpenAI and Anthropic.",20467,35.64,"[58.88, 58.95, 56.84, 53.12, 49.8, 49.11, 49.24, 49.52, 51.69, 51.32, 48.72, 35.64]",TypeScript,2023-04-28,"ci,ci-cd,cicd,evaluation,evaluation-framework,llm,llm-eval,llm-evaluation,llm-evaluation-framework,llmops,pentesting,prompt-engineering,prompt-testing,prompts,rag,red-teaming,testing,vulnerability-scanners",Observability & Evaluation|Workflow Orchestration|LLM Inference|LLM Gateway & Proxy|Vector Database & RAG|LLM SDK & Library
222824662,dagger/dagger,"Automation engine to build, test and ship any codebase. Runs locally, in CI, or directly in the cloud",15693,32.93,"[75.25, 68.67, 56.3, 47.96, 52.07, 55.74, 54.88, 41.09, 38.44, 36.92, 33.11, 32.93]",Go,2019-11-20,"agents,caching,ci-cd,containers,continuous-deployment,continuous-integration,dag,dagger,devops,docker,graphql,workflows",LLM SDK & Library|API & Backend Service|Observability & Evaluation
615510678,camel-ai/camel,🐫 CAMEL: The first and the best multi-agent framework. Finding the Scaling Law of Agents. https://www.camel-ai.org,16766,21.35,"[82.36, 83.78, 84.9, 77.01, 59.68, 47.3, 40.57, 40.03, 53.01, 36.49, 29.71, 21.35]",Python,2023-03-17,"agent,ai-societies,artificial-intelligence,communicative-ai,cooperative-ai,deep-learning,large-language-models,multi-agent-systems,natural-language-processing",Agent Framework|Multi-Agent System|Memory & Knowledge|Model Training & Fine-tuning|Vector Database & RAG|Tool & Integration Platform|Data Processing & ETL
946380199,openai/openai-agents-python,"A lightweight, powerful framework for multi-agent workflows",24733,22.23,"[92.95, 83.49, 70.92, 87.16, 84.56, 73.98, 61.98, 52.04, 37.92, 28.87, 23.69, 22.23]",Python,2025-03-11,"agents,ai,framework,llm,openai,python",LLM SDK & Library|Speech & Voice AI|Agent Framework|Multi-Agent System|Observability & Evaluation|MCP (Model Context Protocol)|LLM Gateway & Proxy|Notebook & Development Environment|Workflow Orchestration
826170402,elizaOS/eliza,Autonomous agents for everyone,18234,7.43,"[131.83, 98.65, 88.09, 68.46, 62.34, 49.87, 32.5, 20.52, 18.59, 14.68, 9.26, 7.43]",TypeScript,2024-07-09,"agent,agentic,ai,autonomous,chatbot,crypto,discord,eliza,elizaos,framework,plugins,rag,slack,swarm,telegram",Workflow Orchestration|Chat UI & Frontend|Agent Framework|Multi-Agent System|Vector Database & RAG|API & Backend Service|Autonomous Agent
881221486,volcengine/verl,verl/HybridFlow: A Flexible and Efficient RL Post-Training Framework ,20885,,"[206.14, 239.15, 282.86, 328.92, 321.34, 286.99, 274.44, 266.13, 262.25]",Python,2024-10-31,,Model Training & Fine-tuning|LLM Inference|Deep Learning Core|AI Infrastructure & Platform|LLM SDK & Library|API & Backend Service|Memory & Knowledge
672415139,OpenRLHF/OpenRLHF,"An Easy-to-use, Scalable and High-performance Agentic RL Framework based on Ray (PPO & DAPO & REINFORCE++ &  VLM & TIS & vLLM & Ray & Async  RL)",9397,6.45,"[54.14, 41.36, 29.48, 23.9, 16.22, 13.68, 11.44, 7.81, 8.36, 7.43, 7.34, 6.45]",Python,2023-07-30,"large-language-models,proximal-policy-optimization,raylib,reinforcement-learning,reinforcement-learning-from-human-feedback,transformers,visual-language-models,vllm",Model Training & Fine-tuning|LLM Inference|AI Infrastructure & Platform|Agent Framework|Multi-Agent System|Memory & Knowledge|Deep Learning Core|Workflow Orchestration
937952934,inclusionAI/AReaL,The RL Bridge for LLM-based Agent Applications. Made Simple & Flexible.,5089,59.97,"[8.99, 8.14, 22.9, 26.48, 26.21, 36.09, 43.87, 46.76, 50.84, 44.32, 40.69, 59.97]",Python,2025-02-24,"agent,llm,llm-agent,llm-reasoning,machine-learning-systems,mlsys,reinforcement-learning,rl",Model Training & Fine-tuning|LLM Inference|Agent Framework|AI Infrastructure & Platform|Deep Learning Core|Coding Agent|Workflow Orchestration|API & Backend Service
65600975,pytorch/pytorch,Tensors and Dynamic neural networks in Python with strong GPU acceleration,99366,657.24,"[1047.21, 1007.49, 1009.33, 949.66, 923.67, 896.32, 822.13, 824.21, 822.35, 785.77, 713.53, 657.24]",Python,2016-08-13,"autograd,deep-learning,gpu,machine-learning,neural-network,numpy,python,tensor",Model Training & Fine-tuning|Deep Learning Core|LLM SDK & Library|Memory & Knowledge
65711522,PaddlePaddle/Paddle,PArallel Distributed Deep LEarning: Machine Learning Framework from Industrial Practice （『飞桨』核心框架，深度学习&机器学习高性能单机、分布式训练和跨平台部署）,23847,100.41,"[228.17, 217.43, 231.72, 211.66, 199.58, 178.96, 149.8, 153.38, 145.78, 133.65, 122.89, 100.41]",C++,2016-08-15,"deep-learning,distributed-training,efficiency,machine-learning,neural-network,paddlepaddle,python,scalability",Deep Learning Core|Model Training & Fine-tuning|Workflow Orchestration
154739597,jax-ml/jax,"Composable transformations of Python+NumPy programs: differentiate, vectorize, JIT to GPU/TPU, and more",35470,43.23,"[118.36, 106.19, 94.37, 95.29, 88.93, 71.46, 64.14, 56.66, 52.96, 49.0, 47.74, 43.23]",Python,2018-10-25,jax,Model Training & Fine-tuning|Deep Learning Core|Observability & Evaluation|Notebook & Development Environment|LLM SDK & Library
208728772,milvus-io/milvus,"Milvus is a high-performance, cloud-native vector database built for scalable vector ANN search",43930,96.99,"[165.71, 155.64, 143.17, 153.56, 134.73, 125.9, 118.15, 122.62, 118.11, 112.59, 99.38, 96.99]",Go,2019-09-16,"anns,cloud-native,diskann,distributed,embedding-database,embedding-similarity,embedding-store,faiss,golang,hnsw,image-search,llm,nearest-neighbor-search,rag,vector-database,vector-search,vector-similarity,vector-store",Vector Database & RAG|Observability & Evaluation|LLM SDK & Library|Data Processing & ETL|Model Training & Fine-tuning|Memory & Knowledge|Search & Information Retrieval
546206616,chroma-core/chroma,Data infrastructure for AI,27598,41.32,"[85.49, 81.52, 80.92, 78.82, 68.3, 56.21, 54.73, 55.81, 52.13, 48.12, 44.1, 41.32]",Rust,2022-10-05,"agents,ai,ai-agents,database,rust,rust-lang",Vector Database & RAG|Memory & Knowledge
55072677,weaviate/weaviate,"Weaviate is an open-source vector database that stores both objects and vectors, allowing for the combination of vector search with structured filtering with the fault tolerance and scalability of a cloud-native database​.",16060,47.48,"[79.86, 81.75, 74.62, 71.91, 72.88, 69.29, 63.8, 55.32, 54.01, 51.03, 46.73, 47.48]",Go,2016-03-30,"approximate-nearest-neighbor-search,generative-search,grpc,hnsw,hybrid-search,image-search,information-retrieval,mlops,nearest-neighbor-search,neural-search,recommender-system,search-engine,semantic-search,semantic-search-engine,similarity-search,vector-database,vector-search,vector-search-engine,vectors,weaviate",Vector Database & RAG|Coding Agent|API & Backend Service|LLM SDK & Library|Model Training & Fine-tuning|Memory & Knowledge|AI Infrastructure & Platform
268163609,qdrant/qdrant,"Qdrant - High-performance, massive-scale Vector Database and Vector Search Engine for the next generation of AI. Also available in the cloud https://cloud.qdrant.io/",30583,42.46,"[65.69, 64.57, 60.83, 55.67, 58.44, 54.26, 49.76, 44.32, 47.49, 43.82, 41.77, 42.46]",Rust,2020-05-30,"ai-search,ai-search-engine,embeddings-similarity,hnsw,hybrid-search,image-search,knn-algorithm,machine-learning,mlops,nearest-neighbor-search,neural-network,neural-search,recommender-system,search,search-engine,search-engines,similarity-search,vector-database,vector-search,vector-search-engine",Vector Database & RAG|Search & Information Retrieval|Model Training & Fine-tuning|Memory & Knowledge|Deep Learning Core|Workflow Orchestration|Notebook & Development Environment
833984877,kvcache-ai/ktransformers,A Flexible Framework for Experiencing Heterogeneous LLM Inference/Fine-tune Optimizations,17043,13.82,"[123.76, 93.1, 60.93, 42.02, 20.44, 15.7, 7.6, 16.93, 26.12, 20.96, 18.23, 13.82]",Python,2024-07-26,,Model Training & Fine-tuning|LLM Inference|Memory & Knowledge|API & Backend Service|Observability & Evaluation
813348592,vllm-project/aibrix,Cost-efficient and pluggable Infrastructure components for GenAI inference,4753,16.36,"[29.78, 37.97, 37.65, 39.81, 41.23, 40.42, 36.89, 29.8, 26.54, 22.19, 20.14, 16.36]",Go,2024-06-10,,LLM Inference|AI Infrastructure & Platform|LLM Gateway & Proxy
819733173,kvcache-ai/Mooncake,"Mooncake is the serving platform for Kimi, a leading LLM service provided by Moonshot AI.",5170,53.55,"[28.76, 38.4, 39.32, 39.66, 42.21, 47.09, 40.18, 43.08, 49.85, 56.0, 53.55, 53.55]",C++,2024-06-25,"disaggregation,inference,kvcache,llm,rdma,sglang,vllm",LLM Inference|Deep Learning Core|Model Training & Fine-tuning|API & Backend Service|Vector Database & RAG|AI Infrastructure & Platform
814708478,unitycatalog/unitycatalog,"Open, Multi-modal Catalog for Data & AI",3368,10.72,"[20.02, 16.86, 11.65, 5.36, 5.27, 6.44, 9.81, 10.41, 9.67, 9.26, 11.64, 10.72]",Java,2024-06-13,,Data Lake & Storage|LLM SDK & Library|Data Processing & ETL|Agent Framework|Vector Database & RAG|Notebook & Development Environment|AI Infrastructure & Platform|Coding Agent|API & Backend Service
762304524,ComposioHQ/composio,"Composio powers 1000+ toolkits, tool search, context management, authentication, and a sandboxed workbench to help you build AI agents that turn intent into action.",27879,27.83,"[30.2, 20.77, 24.93, 31.21, 28.75, 33.17, 28.29, 27.72, 28.4, 32.21, 30.83, 27.83]",TypeScript,2024-02-23,"agentic-ai,agents,ai,ai-agents,aiagents,developer-tools,function-calling,gpt-4,javascript,js,llm,llmops,mcp,python,remote-mcp-server,sse,typescript",Tool & Integration Platform|LLM SDK & Library|Agent Framework|Multi-Agent System|MCP (Model Context Protocol)|API & Backend Service|Coding Agent|Memory & Knowledge
839372398,zaidmukaddam/scira,Scira (Formerly MiniPerplx) is a minimalistic AI-powered search engine that helps you find information on the internet and cites it too. Powered by Vercel AI SDK!,11612,1.54,"[10.52, 12.81, 10.06, 10.51, 7.97, 2.59, 1.54, 4.71, 3.56, 1.58, 1.66, 1.54]",TypeScript,2024-08-07,"ai-search-engine,minimalistic-ai-search-engine,open-source-perplexity-ai,perplexity-ai,perplexity-alternative,scira,scira-ai,search-engine",LLM SDK & Library|Search & Information Retrieval|Memory & Knowledge|Speech & Voice AI|Tool & Integration Platform|Coding Agent|AI Infrastructure & Platform|Workflow Orchestration|Vector Database & RAG
357241735,searxng/searxng,SearXNG is a free internet metasearch engine which aggregates results from various search services and databases. Users are neither tracked nor profiled.,28875,18.57,"[39.72, 43.72, 37.53, 32.14, 28.2, 29.53, 28.71, 27.42, 28.76, 22.18, 15.55, 18.57]",Python,2021-04-12,"bing,brave,degoogle,duckduckgo,google,metasearch,privacy,python,qwant,search,search-engine,searx,searxng,startpage,yahoo",Search & Information Retrieval
761150311,Zipstack/unstract,LLM-Driven Extraction of Unstructured Data — Built for API Deployments & ETL Pipeline Workflows,6550,35.05,"[41.26, 39.57, 38.76, 38.83, 40.05, 40.46, 37.19, 36.81, 33.04, 35.57, 31.0, 35.05]",Python,2024-02-21,"api-deployments,data-extraction,document-processing,etl-pipelines,open-source-data-pipeline,unstructured-data-extraction",Data Processing & ETL|MCP (Model Context Protocol)|Vector Database & RAG|API & Backend Service|Chat UI & Frontend|LLM Inference|Workflow Orchestration|LLM SDK & Library
534011733,Farama-Foundation/Gymnasium,"An API standard for single-agent reinforcement learning environments, with popular reference environments and related utilities (formerly Gym)",11777,3.39,"[9.86, 10.27, 8.34, 5.13, 5.53, 8.51, 5.06, 4.1, 4.5, 4.18, 2.84, 3.39]",Python,2022-09-08,"api,gym,reinforcement-learning",LLM SDK & Library|Agent Framework|Multi-Agent System
860252770,microsoft/OmniParser,A simple screen parsing tool towards pure vision based GUI agent,24679,,"[15.54, 11.26, 5.67, 4.95, 5.05, 4.07, 2.52, 1.18, 0.99, 0.81]",Jupyter Notebook,2024-09-20,,Browser Agent|Observability & Evaluation|Data Processing & ETL
541798154,Unstructured-IO/unstructured,"Convert documents to structured data effortlessly. Unstructured is open-source ETL solution for transforming complex documents into clean, structured formats for language models.  Visit our website to learn more about our enterprise grade Platform product for production grade workflows, partitioning, enrichments, chunking and embedding.",14533,5.13,"[19.08, 14.92, 12.43, 18.37, 13.45, 9.18, 5.61, 5.67, 4.05, 6.98, 8.4, 5.13]",HTML,2022-09-26,"data-pipelines,deep-learning,document-image-analysis,document-image-processing,document-parser,document-parsing,docx,donut,information-retrieval,langchain,llm,machine-learning,ml,natural-language-processing,nlp,ocr,pdf,pdf-to-json,pdf-to-text,preprocessing",Data Processing & ETL|LLM SDK & Library|Vector Database & RAG|Agent Framework|Workflow Orchestration
610260322,chatboxai/chatbox,Powerful AI Client,39581,7.97,"[46.42, 30.83, 28.84, 30.41, 29.0, 22.26, 15.11, 12.55, 20.25, 21.1, 12.99, 7.97]",TypeScript,2023-03-06,"assistant,chatbot,chatgpt,claude,copilot,deepseek,gemini,gpt,gpt-5,ollama,openai",Chat UI & Frontend|Coding Agent|LLM Inference|Image & Video Generation|Workflow Orchestration|LLM SDK & Library
178976529,bentoml/BentoML,"The easiest way to serve AI apps and models - Build Model Inference APIs, Job queues, LLM apps, Multi-model pipelines, and more!",8594,1.49,"[15.39, 15.59, 10.6, 10.04, 8.34, 11.74, 7.75, 4.08, 3.82, 3.27, 1.66, 1.49]",Python,2019-04-02,"ai-inference,deep-learning,generative-ai,inference-platform,llm,llm-inference,llm-serving,llmops,machine-learning,ml-engineering,mlops,model-inference-service,model-serving,multimodal,python",LLM Inference|Image & Video Generation|Agent Framework|Observability & Evaluation|Deep Learning Core|API & Backend Service|Multi-Agent System|Speech & Voice AI|Workflow Orchestration|Model Training & Fine-tuning|Tool & Integration Platform|LLM SDK & Library
178075572,kserve/kserve,"Standardized Distributed Generative and Predictive AI Inference Platform for Scalable, Multi-Framework Deployment on Kubernetes",5370,19.97,"[35.12, 31.06, 32.05, 26.44, 20.2, 17.47, 19.36, 20.06, 16.98, 20.04, 22.21, 19.97]",Go,2019-03-27,"artificial-intelligence,cncf,genai,hacktoberfest,istio,k8s,knative,kserve,kubeflow,kubernetes,llm-inference,machine-learning,mlops,model-interpretability,model-serving,pytorch,service-mesh,tensorflow,vllm,xgboost",AI Infrastructure & Platform|Model Training & Fine-tuning|LLM Inference|Deep Learning Core|Memory & Knowledge|Observability & Evaluation
221654678,deepset-ai/haystack,"Open-source AI orchestration framework for building context-engineered, production-ready LLM applications. Design modular pipelines and agent workflows with explicit control over retrieval, routing, memory, and generation. Built for scalable agents, RAG, multimodal applications, semantic search, and conversational systems.",24956,25.54,"[40.21, 36.22, 26.22, 26.8, 25.4, 23.45, 24.6, 28.15, 28.18, 23.42, 28.35, 25.54]",MDX,2019-11-14,"agent,agents,ai,gemini,generative-ai,gpt-4,information-retrieval,large-language-models,llm,machine-learning,nlp,orchestration,python,pytorch,question-answering,rag,retrieval-augmented-generation,semantic-search,summarization,transformers",LLM SDK & Library|Vector Database & RAG|Memory & Knowledge|Workflow Orchestration|MCP (Model Context Protocol)|Observability & Evaluation|Tool & Integration Platform|Model Training & Fine-tuning|Chat UI & Frontend|Deep Learning Core
820144741,iterative/datachain,"Data context layer for unstructured data - images, video, sensor data, text and PDFs",2735,,"[27.34, 20.77, 20.68, 20.74, 19.98, 19.92, 16.75]",Python,2024-06-25,"claude-code,codex,data-context-layer,data-processing,harness,harness-engineering,llm,mlops,unstructured-data",Data Processing & ETL|Coding Agent|Memory & Knowledge|Vector Database & RAG|Chat UI & Frontend|API & Backend Service
46153892,NVIDIA/nccl,Optimized primitives for collective multi-GPU communication,4641,8.56,"[22.77, 20.18, 17.37, 21.69, 19.13, 18.37, 12.73, 12.46, 14.76, 13.93, 8.14, 8.56]",C++,2015-11-14,"communications,cpp,cuda,deep-learning,gpu,nvidia",Deep Learning Core|LLM SDK & Library
614765452,Significant-Gravitas/AutoGPT,"AutoGPT is the vision of accessible AI for everyone, to use and to build on. Our mission is to provide the tools, so that you can focus on what matters.",183680,42.57,"[47.89, 45.63, 44.26, 43.41, 43.14, 40.95, 38.47, 38.24, 36.68, 38.52, 39.08, 42.57]",Python,2023-03-16,"agentic-ai,agents,ai,artificial-intelligence,autonomous-agents,claude,gpt,llama-api,llm,openai,python",Autonomous Agent|Observability & Evaluation|Chat UI & Frontend|Workflow Orchestration|Agent Framework|A2A Protocol|Coding Agent|LLM SDK & Library
949271792,mindverse/Second-Me,"Train your AI self, amplify you, bridge the world",15467,,"[36.08, 32.29, 17.14, 13.17, 7.67, 3.96, 1.11, null, null, 0.61]",Python,2025-03-16,,Memory & Knowledge|LLM Inference|GraphRAG & Knowledge Graph|Model Training & Fine-tuning|Deep Learning Core|AI Infrastructure & Platform
53548867,dbt-labs/dbt-core,dbt enables data analysts and engineers to transform their data using the same practices that software engineers use to build applications.,12673,26.01,"[47.44, 42.3, 36.16, 31.1, 27.24, 25.54, 20.87, 23.93, 23.2, 26.85, 26.69, 26.01]",Python,2016-03-10,"analytics,business-intelligence,data-modeling,dbt-viewpoint,elt,pypa,slack",Data Processing & ETL|Data Lake & Storage
139199684,PrefectHQ/prefect,Prefect is a workflow orchestration framework for building resilient data pipelines in Python.,22228,30.46,"[91.67, 74.04, 52.01, 51.33, 48.81, 39.65, 32.45, 30.39, 35.78, 35.39, 35.16, 30.46]",Python,2018-06-29,"automation,data,data-engineering,data-ops,data-science,infrastructure,ml-ops,observability,orchestration,pipeline,prefect,python,workflow,workflow-engine",Data Processing & ETL|Workflow Orchestration|Observability & Evaluation|LLM SDK & Library
580642043,oobabooga/text-generation-webui,"The original local LLM interface. Text, vision, tool-calling, training. UI + API, 100% offline and private.",46846,8.2,"[31.3, 36.71, 33.22, 27.83, 25.89, 22.34, 17.7, 9.65, 10.26, 8.65, 4.47, 8.2]",Python,2022-12-21,,Model Training & Fine-tuning|Deep Learning Core|LLM Inference|Image & Video Generation|Chat UI & Frontend|Speech & Voice AI|Notebook & Development Environment|Memory & Knowledge|MCP (Model Context Protocol)|Search & Information Retrieval|Tool & Integration Platform|LLM SDK & Library
422274596,hpcaitech/ColossalAI,"Making large AI models cheaper, faster and more accessible",41375,,"[17.35, 15.27, 15.25, 11.56, 11.34, 6.76, null, 4.41, 2.38, 2.0, 0.84]",Python,2021-10-28,"ai,big-model,data-parallelism,deep-learning,distributed-computing,foundation-models,heterogeneous-training,hpc,inference,large-scale,model-parallelism,pipeline-parallelism",Model Training & Fine-tuning|Image & Video Generation|Observability & Evaluation|Vector Database & RAG
599524116,SillyTavern/SillyTavern,LLM Frontend for Power Users.,26081,31.1,"[57.14, 51.72, 43.56, 41.49, 35.54, 31.53, 33.45, 34.71, 33.62, 36.6, 34.0, 31.1]",JavaScript,2023-02-09,"ai,chat,llm",Image & Video Generation|Speech & Voice AI|Coding Agent|LLM Inference|Chat UI & Frontend|LLM SDK & Library|API & Backend Service
527591471,AUTOMATIC1111/stable-diffusion-webui,Stable Diffusion web UI,162555,4.38,"[21.29, 14.78, 9.35, 11.88, 9.2, 6.05, 4.9, 6.51, 5.93, 4.97, 6.4, 4.38]",Python,2022-08-22,"ai,ai-art,deep-learning,diffusion,gradio,image-generation,image2image,img2img,pytorch,stable-diffusion,text2image,torch,txt2img,unstable,upscaling,web",Image & Video Generation|Deep Learning Core|Chat UI & Frontend|Workflow Orchestration|Model Training & Fine-tuning|LLM SDK & Library
507775,elastic/elasticsearch,"Free and Open Source, Distributed, RESTful Search Engine",76569,307.88,"[366.69, 364.37, 357.43, 349.41, 347.92, 353.86, 349.47, 347.56, 338.51, 330.0, 322.25, 307.88]",Java,2010-02-08,"elasticsearch,java,search-engine",API & Backend Service|Vector Database & RAG|Observability & Evaluation|Search & Information Retrieval|Data Processing & ETL
28782747,dask/dask,Parallel computing with task scheduling,13805,4.11,"[21.42, 17.69, 10.79, 9.45, 8.39, 7.5, 7.77, 10.25, 6.8, 8.15, 5.4, 4.11]",Python,2015-01-04,"dask,numpy,pandas,pydata,python,scikit-learn,scipy",Data Processing & ETL|LLM SDK & Library
634081686,mlc-ai/mlc-llm,Universal LLM Deployment Engine with ML Compilation,22509,4.8,"[18.85, 13.17, 9.03, 8.66, 6.93, 7.48, 4.32, 4.56, 5.09, 2.82, 3.58, 4.8]",Python,2023-04-29,"language-model,llm,machine-learning-compilation,tvm",LLM Inference|Deep Learning Core|Chat UI & Frontend
660551251,FoundationAgents/MetaGPT,"🌟 The Multi-Agent Framework: First AI Software Company, Towards Natural Language Programming",67356,1.42,"[18.18, 14.39, 9.92, 5.34, 3.12, 2.2, 0.74, 1.29, 1.56, 2.15, 1.63, 1.42]",Python,2023-06-30,"agent,gpt,llm,metagpt,multi-agent",Multi-Agent System|Agent Framework|Notebook & Development Environment|Coding Agent|LLM Inference|Workflow Orchestration|LLM SDK & Library
621799276,chatchat-space/Langchain-Chatchat,"Langchain-Chatchat（原Langchain-ChatGLM）基于 Langchain 与 ChatGLM, Qwen 与 Llama 等语言模型的 RAG 与 Agent 应用 | Langchain-Chatchat (formerly langchain-ChatGLM), local knowledge based LLM (like ChatGLM, Qwen and Llama) RAG and Agent app with langchain ",37898,,"[18.29, 12.82, 9.54, 8.08, 5.27, 5.07, 2.32, 4.05, 2.77, 2.17, 1.33]",Python,2023-03-31,"chatbot,chatchat,chatglm,chatgpt,embedding,faiss,fastchat,gpt,knowledge-base,langchain,langchain-chatglm,llama,llm,milvus,ollama,qwen,rag,retrieval-augmented-generation,streamlit,xinference",Agent Framework|LLM Inference|Vector Database & RAG|Speech & Voice AI|LLM SDK & Library|API & Backend Service|Deep Learning Core
784181462,ItzCrazyKns/Perplexica,Vane is an AI-powered answering engine.,33912,,"[26.29, 15.29, 14.63, 12.6, 10.83, 10.83, 11.25, 6.73, 7.31, 8.32, 7.85]",TypeScript,2024-04-09,"ai-agents,ai-search-engine,answering-engine,artificial-intelligence,llm,machine-learning,open-source-ai-search-engine,perplexica,rag,search-engine,searxng,searxng-copilot,self-hosted-ai,vane",Search & Information Retrieval|LLM Inference|API & Backend Service|Coding Agent|Vector Database & RAG
156939672,microsoft/onnxruntime,"ONNX Runtime: cross-platform, high performance ML inferencing and training accelerator",19945,101.16,"[232.67, 204.38, 187.53, 210.21, 198.04, 174.86, 163.02, 131.03, 131.39, 131.92, 108.93, 101.16]",C++,2018-11-10,"ai-framework,deep-learning,hardware-acceleration,machine-learning,neural-networks,onnx,pytorch,scikit-learn,tensorflow",Deep Learning Core|Model Training & Fine-tuning|Coding Agent
664592117,sourcegraph/cody,,0,,"[119.61, 99.51, 79.42, 65.97, 31.06]",,,,Other
334274271,opensearch-project/OpenSearch,🔎 Open source distributed and RESTful search engine.,12798,65.43,"[135.07, 134.74, 129.54, 122.93, 117.55, 118.63, 116.95, 100.67, 91.31, 78.94, 73.61, 65.43]",Java,2021-01-29,"analytics,apache2,foss,java,search,search-engine",API & Backend Service|Observability & Evaluation|Search & Information Retrieval|Data Processing & ETL
627480054,eosphoros-ai/DB-GPT,open-source agentic AI data assistant for the next generation of AI + Data products.,18576,9.17,"[51.32, 39.67, 31.91, 32.85, 24.37, 17.24, 13.85, 11.22, 13.04, 10.23, 7.09, 9.17]",Python,2023-04-13,"agents,bgi,database,deepseek,gpt,gpt-4,hacktoberfest,llm,private,rag,security,vicuna",Vector Database & RAG|LLM Inference|Workflow Orchestration|Chat UI & Frontend|Data Processing & ETL|API & Backend Service
523007292,openxla/xla,"A machine learning compiler for GPUs, CPUs, and ML accelerators",4195,36.57,"[67.73, 63.13, 63.68, 54.34, 55.78, 58.27, 62.03, 54.18, 48.79, 45.45, 36.3, 36.57]",C++,2022-08-09,,Model Training & Fine-tuning|Deep Learning Core
703411624,letta-ai/letta,Letta is the platform for building stateful agents: AI with advanced memory that can learn and self-improve over time.,22237,2.79,"[29.49, 24.58, 19.28, 19.05, 22.24, 26.61, 18.46, 11.24, 8.35, 6.63, 3.32, 2.79]",Python,2023-10-11,"ai,ai-agents,llm,llm-agent",Memory & Knowledge|LLM SDK & Library|Agent Framework
631254164,songquanpeng/one-api,"LLM API 管理 & 分发系统，支持 OpenAI、Azure、Anthropic Claude、Google Gemini、DeepSeek、字节豆包、ChatGLM、文心一言、讯飞星火、通义千问、360 智脑、腾讯混元等主流模型，统一 API 适配，可用于 key 管理与二次分发。单可执行文件，提供 Docker 镜像，一键部署，开箱即用。LLM API management & key redistribution system, unifying multiple providers under a single API. Single binary, Docker-ready, with an English UI.",32413,0.73,"[25.8, 15.24, 8.73, 6.9, 3.99, 2.66, 2.7, 1.94, 1.67, 1.13, 0.9, 0.73]",JavaScript,2023-04-22,"api,api-gateway,azure-openai-api,chatgpt,claude,ernie-bot,gemini,gpt,openai,openai-api,proxy",LLM Gateway & Proxy|LLM Inference|AI Infrastructure & Platform
33015583,keras-team/keras,Deep Learning for humans,64026,39.96,"[68.56, 59.63, 51.85, 43.81, 43.76, 44.21, 47.84, 43.53, 41.6, 41.54, 40.51, 39.96]",Python,2015-03-28,"data-science,deep-learning,jax,machine-learning,neural-networks,python,pytorch,tensorflow",Deep Learning Core|Model Training & Fine-tuning|API & Backend Service|Speech & Voice AI|Observability & Evaluation|LLM SDK & Library
654122609,InternLM/lmdeploy,"LMDeploy is a toolkit for compressing, deploying, and serving LLMs.",7802,27.13,"[75.76, 63.1, 54.83, 51.87, 51.03, 46.49, 35.22, 37.67, 33.54, 32.23, 31.42, 27.13]",Python,2023-06-15,"codellama,cuda-kernels,deepspeed,fastertransformer,internlm,llama,llama2,llama3,llm,llm-inference,turbomind",Model Training & Fine-tuning|LLM Inference|Deep Learning Core|Observability & Evaluation|Coding Agent
638629097,Aider-AI/aider,aider is AI pair programming in your terminal,43777,5.81,"[136.65, 121.74, 89.22, 60.14, 45.62, 30.02, 22.2, 17.15, 15.56, 10.39, 8.42, 5.81]",Python,2023-05-09,"anthropic,chatgpt,claude-3,cli,command-line,gemini,gpt-3,gpt-35-turbo,gpt-4,gpt-4o,llama,openai,sonnet",Coding Agent|Speech & Voice AI|Notebook & Development Environment|Workflow Orchestration|Chat UI & Frontend
359952601,pgvector/pgvector,Open-source vector similarity search for Postgres,20951,2.27,"[11.2, 10.54, 5.84, 6.36, 4.91, 5.05, 3.31, 2.05, 4.35, 5.23, 2.08, 2.27]",C,2021-04-20,"approximate-nearest-neighbor-search,nearest-neighbor-search",Vector Database & RAG|Memory & Knowledge
151636194,triton-inference-server/server,The Triton Inference Server provides an optimized cloud and edge inferencing solution. ,10595,13.44,"[42.68, 30.15, 23.53, 19.97, 18.75, 19.97, 18.41, 15.63, 16.63, 15.96, 13.64, 13.44]",Python,2018-10-04,"cloud,datacenter,deep-learning,edge,gpu,inference,machine-learning",LLM Inference|Deep Learning Core|API & Backend Service|Model Training & Fine-tuning|LLM SDK & Library|Speech & Voice AI|AI Infrastructure & Platform
612344730,ChatGPTNextWeb/NextChat,✨ Light and Fast AI Assistant. Support: Web | iOS | MacOS | Android |  Linux | Windows,87769,0.88,"[33.11, 23.16, 15.74, 10.17, 9.11, 7.2, 3.33, 4.25, 3.65, 2.25, 1.52, 0.88]",TypeScript,2023-03-10,"calclaude,chatgpt,claude,cross-platform,desktop,fe,gemini,gemini-pro,gemini-server,gemini-ultra,gpt-4o,groq,nextjs,ollama,react,tauri,tauri-app,vercel,webui",Chat UI & Frontend|Memory & Knowledge|LLM Inference|MCP (Model Context Protocol)|LLM Gateway & Proxy
778431525,microsoft/graphrag,A modular graph-based Retrieval-Augmented Generation (RAG) system,32443,5.5,"[41.67, 33.71, 23.3, 21.99, 20.7, 19.15, 18.09, 12.24, 10.96, 10.2, 11.97, 5.5]",Python,2024-03-27,"gpt,gpt-4,gpt4,graphrag,llm,llms,rag",GraphRAG & Knowledge Graph|Vector Database & RAG|Data Processing & ETL|Memory & Knowledge|Notebook & Development Environment
547806116,huggingface/text-generation-inference,Large Language Model Text Generation Inference,10842,0.4,"[34.34, 29.66, 20.79, 12.01, 8.45, 4.77, 2.57, 0.92, 0.53, 0.67, 0.35, 0.4]",Python,2022-10-08,"bloom,deep-learning,falcon,gpt,inference,nlp,pytorch,starcoder,transformer",LLM Inference|Deep Learning Core|Model Training & Fine-tuning|Memory & Knowledge|Observability & Evaluation|AI Infrastructure & Platform|API & Backend Service
654124617,open-compass/opencompass,"OpenCompass is an LLM evaluation platform, supporting a wide range of models (Llama3, Mistral, InternLM2,GPT-4,LLaMa2, Qwen,GLM, Claude, etc) over 100+ datasets.",6922,5.0,"[43.89, 43.51, 35.65, 27.34, 16.75, 17.04, 10.04, 9.58, 8.29, 6.33, 5.46, 5.0]",Python,2023-06-15,"benchmark,chatgpt,evaluation,large-language-model,llama2,llama3,llm,openai",Observability & Evaluation|LLM Inference|API & Backend Service
607441698,lancedb/lancedb,Developer-friendly OSS embedded retrieval library for multimodal AI. Search More; Manage Less.,10050,17.84,"[33.61, 23.61, 23.66, 19.46, 16.23, 17.41, 15.46, 15.82, 14.78, 13.53, 14.89, 17.84]",HTML,2023-02-28,"approximate-nearest-neighbor-search,image-search,nearest-neighbor-search,recommender-system,search-engine,semantic-search,similarity-search,vector-database",Vector Database & RAG|LLM SDK & Library|Agent Framework|API & Backend Service
619959033,nomic-ai/gpt4all,GPT4All: Run Local LLMs on Any Device. Open-source and available for commercial use.,77364,1.48,"[13.56, 8.08, 5.58, 2.87, 3.0, 2.71, 1.89, 0.91, 0.83, 0.76, 3.07, 1.48]",C++,2023-03-27,"ai-chat,llm-inference",Vector Database & RAG|LLM Inference|Agent Framework|API & Backend Service|Workflow Orchestration|Model Training & Fine-tuning|Observability & Evaluation|AI Infrastructure & Platform
615882673,lm-sys/FastChat,"An open platform for training, serving, and evaluating large language models. Release repo for Vicuna and Chatbot Arena.",39456,1.58,"[6.03, 3.28, 3.17, 1.65, 1.02, 0.71, 0.48, 0.67, 0.95, 0.88, 1.28, 1.58]",Python,2023-03-19,,Memory & Knowledge|Model Training & Fine-tuning|Observability & Evaluation|Deep Learning Core|API & Backend Service|LLM Inference|Chat UI & Frontend
45717250,tensorflow/tensorflow,An Open Source Machine Learning Framework for Everyone,194839,25.38,"[72.9, 73.81, 46.17, 47.64, 49.18, 42.96, 28.22, 35.15, 28.82, 34.13, 26.56, 25.38]",C++,2015-11-07,"deep-learning,deep-neural-networks,distributed,machine-learning,ml,neural-network,python,tensorflow",Model Training & Fine-tuning|Deep Learning Core
942114501,camel-ai/owl,🦉 OWL: Optimized Workforce Learning for General Multi-Agent Assistance in Real-World Task Automation,19682,0.53,"[48.35, 25.07, 12.29, 9.07, 3.24, null, null, 1.16, 0.72, 1.32, 1.07, 0.53]",Python,2025-03-03,"agent,artificial-intelligence,multi-agent-systems,task-automation,web-interaction",Agent Framework|MCP (Model Context Protocol)|Multi-Agent System|Browser Agent|Observability & Evaluation|Search & Information Retrieval|Tool & Integration Platform|Speech & Voice AI|Hardware & Edge AI|Chat UI & Frontend|AI Infrastructure & Platform
862449441,stackblitz/bolt.new,"Prompt, run, edit, and deploy full-stack web applications. -- bolt.new -- Help Center: https://support.bolt.new/ -- Community Support: https://discord.com/invite/stackblitz",16342,0.52,"[230.18, 207.0, 95.19, 26.03, 10.42, 3.23, 1.36, 0.48, 0.4, 0.32, null, 0.52]",TypeScript,2024-09-24,"ai-playground,anthropic,chatbot,webcontainers-api",Coding Agent|Hardware & Edge AI|Notebook & Development Environment
662766482,qodo-ai/pr-agent,"🚀 PR Agent: The Original Open-Source PR Reviewer.  | This repo is not the Qodo free tier! Try Qodo free tier, click the link",10966,6.76,"[33.42, 31.97, 29.56, 25.85, 26.48, 21.67, 15.37, 11.74, 4.29, 8.03, 9.66, 6.76]",Python,2023-07-05,"code-review,codereview,coding-assistant,devtools,gpt-4,openai,pull-request,pull-requests",Workflow Orchestration|Notebook & Development Environment
943934999,FoundationAgents/OpenManus,"No fortress, purely open ground.  OpenManus is Coming.",55879,1.04,"[129.87, 53.02, 24.6, 12.37, 5.99, 6.12, 7.89, 6.26, 4.55, 5.21, 1.76, 1.04]",Python,2025-03-06,,Multi-Agent System|Browser Agent|Agent Framework|MCP (Model Context Protocol)
614764248,TabbyML/tabby,Self-hosted AI coding assistant,33449,1.48,"[44.53, 41.97, 23.4, 14.83, 8.88, 4.72, 2.39, 2.5, 2.4, 1.35, 2.7, 1.48]",Rust,2023-03-16,"ai,codegen,coding-assistant,coding-language,developer-experience,developer-tools,gen-ai,ide,llms",Coding Agent|Notebook & Development Environment|Vector Database & RAG|Tool & Integration Platform|Deep Learning Core|API & Backend Service
1024554267,NousResearch/hermes-agent,The agent that grows with you,117747,,,Python,2025-07-22,"ai,ai-agent,ai-agents,anthropic,chatgpt,claude,claude-code,clawdbot,codex,hermes,hermes-agent,llm,moltbot,nous-research,openai,openclaw",Memory & Knowledge|MCP (Model Context Protocol)|Speech & Voice AI|Tool & Integration Platform|Coding Agent
1073224795,obra/superpowers,An agentic skills framework & software development methodology that works.,168160,,,Shell,2025-10-09,,Coding Agent|Workflow Orchestration|Observability & Evaluation|LLM SDK & Library
1213049020,browser-use/browser-harness,Browser Harness | Self-healing harness that enables LLMs to complete any task.,7052,,,Python,2026-04-17,,Browser Agent|Coding Agent
1139971460,rtk-ai/rtk,"CLI proxy that reduces LLM token consumption by 60-90% on common dev commands. Single Rust binary, zero dependencies",35870,,,Rust,2026-01-22,"agentic-coding,ai-coding,anthropic,claude-code,cli,command-line-tool,cost-reduction,developer-tools,llm,open-source,productivity,rust,token-optimization",Coding Agent|LLM Gateway & Proxy|Browser Agent|Workflow Orchestration|Memory & Knowledge
1141782198,jamiepine/voicebox,"The open-source AI voice studio. Clone, dictate, create.",23450,,,TypeScript,2026-01-25,"ai,cuda,mlx,qwen3-tts,qwen3-tts-ui,voice-ai,voice-clone,whisper",Speech & Voice AI|MCP (Model Context Protocol)|Deep Learning Core|Coding Agent|LLM SDK & Library|API & Backend Service
1174820787,karpathy/autoresearch,AI agents running research on single-GPU nanochat training automatically,76741,,,Python,2026-03-06,,Model Training & Fine-tuning|Coding Agent|Deep Learning Core|Observability & Evaluation
1148052330,Yeachan-Heo/oh-my-codex,"OmX - Oh My codeX: Your codex is not alone. Add hooks, agent teams, HUDs, and so much more.",25991,,,TypeScript,2026-02-02,,Coding Agent|Workflow Orchestration|MCP (Model Context Protocol)|Memory & Knowledge|Tool & Integration Platform
1201656210,MemPalace/mempalace,The best-benchmarked open-source AI memory system. And it's free.,49736,,,Python,2026-04-05,"ai,chromadb,llm,mcp,memory,python",MCP (Model Context Protocol)|Memory & Knowledge|Vector Database & RAG|Observability & Evaluation|API & Backend Service|LLM Inference|GraphRAG & Knowledge Graph
1035029907,badlogic/pi-mono,"AI agent toolkit: coding agent CLI, unified LLM API, TUI & web UI libraries, Slack bot, vLLM pods",44361,86.81,2025-11:7.42|2025-12:30.2|2026-01:63.24|2026-02:65.22|2026-03:86.81,TypeScript,2025-08-09,,Coding Agent|LLM Gateway & Proxy|Agent Framework|LLM Inference|Workflow Orchestration|Tool & Integration Platform|Chat UI & Frontend|LLM SDK & Library
1170821064,paperclipai/paperclip,Open-source orchestration for zero-human companies,62170,80.83,2026-03:80.83,TypeScript,2026-03-02,,Coding Agent|Workflow Orchestration|Multi-Agent System|Autonomous Agent|Observability & Evaluation
